meta_ad_id,audit_creative_signature,final_classification,final_manual_category
1762752441842455,cb277dcdab104b8b03b216344e1c381861f3e0dbd7632f47b2b2f8ebd004e5ec,commercial,insufficient_text
806545105800743,27605c5a4a0825b14cbc2f88958d2c52f4d1e452540fbb6c7934b2c0437c3101,commercial,commercial_or_insufficient_evidence
1359275808937851,f5b602590bb29fc54119964bf7e6f284cad799824067be520db64e990d099e09,noncommercial,csr_charity
1382897693494149,6429d462dbd859af089aa521394b1d3a4aeef3543bec8bcfb95e8c69b2af4d81,commercial,commercial_or_insufficient_evidence
736198056141371,3d4f40bb60c720cd33b5058aa37dae8b7e22b2eff6be0464dcb597beee173e90,commercial,commercial_or_insufficient_evidence
757279517298658,654673a16ad568cb53bf3fb649fa9ee1e66af7c2e3238bc51906ebd9e36f02d7,commercial,commercial_or_insufficient_evidence
1718573609081501,31c4cf87c10af4a1fee8b432558ee96f1109d60351bcb60734c0ffdf5035aa68,commercial,insufficient_text
1550703036572769,9259a9b6940c25a4db842be6f8d907fa3ea9ed87510bde05d3536b487070b6fc,commercial,commercial_or_insufficient_evidence
973864938799444,e6482048c5153cdfdb8f7143d2d7f699ad7acc8cea212e809ff84433a4ebb73b,commercial,sustainability_brand
1612812466684351,ed3b25406ec8b03c54212db08b3995beaff528ef9201bfcdaaa7042d18a5436b,commercial,sustainability_brand
1109109921413012,ed3b25406ec8b03c54212db08b3995beaff528ef9201bfcdaaa7042d18a5436b,commercial,sustainability_brand
2650550725317793,31c4cf87c10af4a1fee8b432558ee96f1109d60351bcb60734c0ffdf5035aa68,commercial,insufficient_text
1460857139158162,31c4cf87c10af4a1fee8b432558ee96f1109d60351bcb60734c0ffdf5035aa68,commercial,insufficient_text
1380883460742923,31c4cf87c10af4a1fee8b432558ee96f1109d60351bcb60734c0ffdf5035aa68,commercial,insufficient_text
1607971537014131,31c4cf87c10af4a1fee8b432558ee96f1109d60351bcb60734c0ffdf5035aa68,commercial,insufficient_text
1455707602855894,31c4cf87c10af4a1fee8b432558ee96f1109d60351bcb60734c0ffdf5035aa68,commercial,insufficient_text
1503745528419057,31c4cf87c10af4a1fee8b432558ee96f1109d60351bcb60734c0ffdf5035aa68,commercial,insufficient_text
1942034389853677,31c4cf87c10af4a1fee8b432558ee96f1109d60351bcb60734c0ffdf5035aa68,commercial,insufficient_text
2066963394141931,141ac2ac4b4f2c43e7a3e29bdbc1d66abee7cde07be6d2be322042c06876c5ff,commercial,commercial_or_insufficient_evidence
1222752779676011,fb39050ba065a832b913094845f4c0b2002121f45ff856c244e4a404cab6fc04,commercial,commercial_or_brand
1354852486769495,3092624609c3ba9441b1fd4a4d306de333c4b353b75cd47069fd1f1f41d5bab4,commercial,sustainability_brand
1597599078397849,6f936a7ce716ec1fb08c67c7ba14b1280582a150a6f6386b871ece0ae0d3ccae,commercial,commercial_or_insufficient_evidence
1521886522751806,38c47775c00fb09ab76147aad4f5879155290ffd2c9a59c182b3c26c5350562a,commercial,commercial_or_insufficient_evidence
1289280196697657,bccceff83db43485ef55cb65751c8778c7942f5c0a32522140ceff2b67e6b55a,commercial,commercial_or_insufficient_evidence
4818979081662080,d973662a894a9e02a588c1420e3ec25d8f728928be981fa1e6f82c4d57b6949f,commercial,sustainability_brand
1428929882030175,6fd2af7b16d5ce34708ea9aaafa7831a9558ff25afda5481d1f188d83e8e51c6,commercial,commercial_or_insufficient_evidence
812963531060076,f8b40537e2c8b9e7eafd8d4f55dfe01932fa9a5e8e11351a39fd10a2ca3a1486,commercial,commercial_or_insufficient_evidence
1347940040698883,6d34c71e851c87f8d1cf0003a5b3c2906a1b5b1d61363caf0719f429b7454d6b,commercial,commercial_or_insufficient_evidence
2124273651679612,ae7aa1fde38ca343e0bee35e3a1d4440090c5bc8c097d506175fa538e71881d2,commercial,commercial_or_insufficient_evidence
1234636775337000,67941d2235d81a418073930ad43119518456d059a1743aac17e9418dfb846e97,commercial,commercial_or_insufficient_evidence
1534640374493705,8bda3310c790e5a3064f82305377e7076ae63a411b6b1a15ef1ac8a5acaf041d,commercial,commercial_or_insufficient_evidence
864686539728906,1629d89db7657e68969a7b64ab7e76807a3f3d881335a25795a518947a6b22d5,commercial,commercial_or_insufficient_evidence
756675360097489,5edcaa4c9f3b2c5dfa38351fc516280c078ba79c34298840977a640becb5b0ee,commercial,commercial_or_insufficient_evidence
671462939370931,16657a4e8f55d0a2fe39a76d92e4e6a522ab8b3f82dbfb7b9443fbdc9619c884,commercial,commercial_or_insufficient_evidence
1449029863943855,5048ec48fabb3f17aa63d20e404107a7ee6ec8340a861b50575369152b0a09b1,commercial,commercial_or_insufficient_evidence
2605886533179409,33f8af08b849830b8b7e48763987ad5a2b9b87d3658881d6e54d81c343edd218,commercial,commercial_or_insufficient_evidence
1602991287903964,584924658caf9702ee65821f8d5b5201cf11ef3929e34306de7858a658d78463,commercial,commercial_or_insufficient_evidence
830325406738310,81c06ac6fe113dbf301135c6403bbd2e833a9401861d067aa6540ec9a6d95b95,commercial,commercial_or_insufficient_evidence
997994559962732,4d77aa8d8d3073101c440371788756171009db1379d1f666f7c22fb5cf5447f7,commercial,commercial_or_insufficient_evidence
1799642194362774,fd9de0dc2bebc60d4122a65b05286e164b0cdbd55c58cc68fe01ccc2fd08db78,commercial,commercial_or_insufficient_evidence
1082280677726236,af1bfdaf3ae8826ed897f3f38783896b32358b0c2c8794e46d203c9884e41197,commercial,commercial_or_insufficient_evidence
1574333404047457,0aa72bda1fe5702f359cd8450c2b46471d1531c2be3880f8b8d1d85f9e1e585b,commercial,commercial_or_insufficient_evidence
2072546006984938,4244b74f975ad1d5d6a6b436bfdaa255c068b49f65016bf2d4fd792a1104f32d,commercial,commercial_or_insufficient_evidence
2087374658884832,7c2ad08c103908e4b986fc8d59ee99f2ab809b9d21683f8c58a29359f28ff406,commercial,commercial_or_insufficient_evidence
1694919528894911,7b8cece8fbb90c6385c510562aa3d58b59dd56125a4651809065b3e2949e4645,commercial,commercial_or_insufficient_evidence
2261031011393394,e1d6087a76509e9934fde35f3154a1d6c7369e6e08b971132c314cc169c83244,commercial,commercial_or_insufficient_evidence
1532275377827038,9aa0d28926b6d334ee7cc57c5c5ed7e4418a014a078b55d563279a95c664e3cd,commercial,commercial_or_insufficient_evidence
1563052132186206,7b8cece8fbb90c6385c510562aa3d58b59dd56125a4651809065b3e2949e4645,commercial,commercial_or_insufficient_evidence
2002244113997470,e1d6087a76509e9934fde35f3154a1d6c7369e6e08b971132c314cc169c83244,commercial,commercial_or_insufficient_evidence
1028534646328237,438ba07300ccc4ca174969be5decd96346f26f92a9f527853df7d2a96b6ef76f,commercial,sustainability_brand
1554414739697439,fc418ff156165d4f421581106bcfe67f202c6d3116c673de483fce71b471cdb0,commercial,sustainability_brand
1992376798053207,a3ff6a0aebc048999202d8090cb59d84748750b16e872f07ba5e0d4ddabe25b6,commercial,sustainability_brand
2262183251198460,aa43f4587485b388c788d68bfc6e53226be3a24b1abd8500de4d6a442deaa9f0,commercial,sustainability_brand
2050245525576650,b01d97542048d0b5f3210b05cda4c9c7ba47568d1ca7ed729dd6bc78fab12077,commercial,sustainability_brand
2128781571371974,cc3e34dd295aa0f2e125d8f179f93af1c4b0e4b4e0beb9f22fe4a35f23d6ced8,commercial,sustainability_brand
1359215652801813,b1469225ffd8b84ed184f523e1d8a913f8d28ef52e05a558d0be8166234d99ac,commercial,sustainability_brand
1005654998991513,c675e859ee2ce15244d3520257d5b87380f6a75e514f2e331e45a283e7d0005b,commercial,sustainability_brand
1025625910009276,482dd0a1784a11415207a0dfbcb230b30ee35b63e2fecf42ca83b6a18ad290b2,commercial,sustainability_brand
1963844850935934,3b7226cab2b52c16364fe2444e380c6b39a352a67dd73c0998ff5a443f712dc9,commercial,sustainability_brand
26827394423611883,0f35721f30b99473d3bf51bce6b3cd030ecb65be89475e5c08a021ff573f9aed,commercial,commercial_or_insufficient_evidence
2089767855755901,58e52525a0120ee7c5b2a3ae88ba3bd6ee748d2596d21f12101d710ab2c64574,commercial,commercial_or_insufficient_evidence
1696071708299500,2e3be609d32315a5b5d883bc50086dcc6d831237f9c6be5d2bf1651a9d3cfca6,commercial,commercial_or_insufficient_evidence
807537412289802,3cf7891d8f31fb6b8357c566c1f7b15ac3776232f4c7b11020690f11966391b6,commercial,commercial_or_insufficient_evidence
1363955672221843,340c960b8212931e0b74bfe019dd52c6016419b3680a5b8fcb067848e919d34b,commercial,commercial_or_insufficient_evidence
1764015561643849,08a630fe2a521f06d4ac1ea2e141948777ed893a15d7d4b989227c65b618f6fe,commercial,commercial_or_insufficient_evidence
950178807629904,347b5887a476d054d470a878ad75666a247ccbc1637440299c3327e8fd957557,commercial,commercial_or_insufficient_evidence
1488324239320552,72d6d7c9002a845282972483c2259bb25bf9ab6ae0177852bde581fea855f00d,commercial,sustainability_brand
1644751846770157,72d6d7c9002a845282972483c2259bb25bf9ab6ae0177852bde581fea855f00d,commercial,sustainability_brand
1476447146860985,05e9ab68a13f0426339178caf9d09a82037c9d0111f15e09dd2aa9f93c5adf2e,commercial,sustainability_brand
963782343179058,3bff386464ad537d5e9cfe95a9f08b8ffa35ce12e4a8d7dfbd169561445e8b7c,commercial,commercial_or_insufficient_evidence
1507032850765164,52693b758cffbf96aa862ec08155901d88c75abfd35ddf52f4e380f1dda4b7d7,commercial,commercial_or_insufficient_evidence
2077476386183070,f03e413e36e0ad70fe6d2e0c12ef297ae56058b6012aeda1038a310f2918511d,commercial,sustainability_brand
1248737323915102,0b22d94da6c58c3ed54b5a7b7ce00759e6e9eed6dba9f50de871346a1fa7627d,commercial,sustainability_brand
939642695514610,d2e7c8384d215eef262c0dd9f6f984993459970fafb496c976ebc3e950efe23c,commercial,sustainability_brand
1963042660982092,baddeb861a0d823bbf2b0a4fdfe951a1d49dca811d85363f6359e6c984c568b9,commercial,sustainability_brand
982623337494448,aa75145ac0edfb573a5f293693d0548596ec917dd4bc0cb15ceec6505c4a2fb8,commercial,commercial_or_insufficient_evidence
1847894929235196,530a20a9b76cb1a426ce707f0de1a6e824643073e55b25779fa24274e5bb13d7,commercial,commercial_or_insufficient_evidence
1446526106799475,d710c8069f1c5a930ccd22b1c442394d5ec45e2d9797e2252828604c26bc692a,commercial,sustainability_brand
1512706380490330,f1371661c9a0bb9ee5bc569163420e4c6abc8d091ba44219f3ae0d39d323f771,commercial,sustainability_brand
2635328886861726,4111dedd9b496b60144c5a85f4e26353be5087d146df7fef535418ebf43a1572,commercial,commercial_or_insufficient_evidence
1630090994801628,3d4e72d1dc13437d82abf7a305eeffca070eacaea66dc7ec378b65e7bd7c83d1,commercial,commercial_or_insufficient_evidence
1677153906962996,40c6bae1242a775352ce00d17b6d1f331855d14968d884dcf7dba91b7383845c,commercial,commercial_or_insufficient_evidence
4505700739755311,391a84e798d6b750c5a9253ecb5d92c4d8fa4cae033b0339a3f1b75c4915cfb3,commercial,sustainability_brand
983310274244123,68ef9bb66693e747ce107882265e796cbfd7a349d04dd764ad3eb31ae5a1e92d,commercial,sustainability_brand
1651894929184036,55ab0653d438e94918355c35c4c885eb54a77e242299d223a434327a9ad62e8d,commercial,sustainability_brand
1704440950721768,d0a2fd468e308c1d778db5eb751d416d850794ac38ac4229d070d93969a43803,commercial,sustainability_brand
1402094485005877,0c20e8d923ff398e86f1225c2fa030c9b74875477c8167cb8aabd306e587253a,commercial,sustainability_brand
881643551595930,9703ffff57188e684dfcf308666b51058199f39051d5b5f2437468e79304f055,commercial,commercial_or_insufficient_evidence
1478048817322041,9703ffff57188e684dfcf308666b51058199f39051d5b5f2437468e79304f055,commercial,commercial_or_insufficient_evidence
1492444102445180,9703ffff57188e684dfcf308666b51058199f39051d5b5f2437468e79304f055,commercial,commercial_or_insufficient_evidence
1382063520621700,9703ffff57188e684dfcf308666b51058199f39051d5b5f2437468e79304f055,commercial,commercial_or_insufficient_evidence
2199338003937299,9703ffff57188e684dfcf308666b51058199f39051d5b5f2437468e79304f055,commercial,commercial_or_insufficient_evidence
929818499416933,48a7bc0f567ed02f3f765b98a6b38d7eb840287cd7557f7877e1a1f13ee8c10e,commercial,commercial_or_insufficient_evidence
905735395420277,6f0111680ceb8855b1af9c0d4d528ae3e69206c926e89f80692e0ae632ac2df0,commercial,sustainability_brand
934736198958864,04165ed1647173ce61503533e7725f1a5ea8141686fc4353a8a17675fae91875,commercial,commercial_or_insufficient_evidence
1857386691618494,34030cebaf5758f7be6d4e345967eb6ced14119cae4a1b08379be21644934598,commercial,commercial_or_insufficient_evidence
2430717777366477,c98dc165ea90db51e8de21a570625153f27123d19ded65b0726e423826adcca4,commercial,commercial_or_insufficient_evidence
26454781130773686,34030cebaf5758f7be6d4e345967eb6ced14119cae4a1b08379be21644934598,commercial,commercial_or_insufficient_evidence
1373556904541127,c98dc165ea90db51e8de21a570625153f27123d19ded65b0726e423826adcca4,commercial,commercial_or_insufficient_evidence
1138758244946693,f6dbe2c79e6c694598cd4e8c77c14b5012230bcc332829dfb2da5dfb529a227f,commercial,commercial_or_insufficient_evidence
1237187574623042,f6dbe2c79e6c694598cd4e8c77c14b5012230bcc332829dfb2da5dfb529a227f,commercial,commercial_or_insufficient_evidence
1450595953362962,1961436915ceaacfde80d4e58d139fa1573837aaa3badcc60bfe30832047ba2f,commercial,commercial_or_insufficient_evidence
1476988950511792,f6dbe2c79e6c694598cd4e8c77c14b5012230bcc332829dfb2da5dfb529a227f,commercial,commercial_or_insufficient_evidence
1638385200628635,f6dbe2c79e6c694598cd4e8c77c14b5012230bcc332829dfb2da5dfb529a227f,commercial,commercial_or_insufficient_evidence
1688487539186812,1961436915ceaacfde80d4e58d139fa1573837aaa3badcc60bfe30832047ba2f,commercial,commercial_or_insufficient_evidence
2068954107007970,f6dbe2c79e6c694598cd4e8c77c14b5012230bcc332829dfb2da5dfb529a227f,commercial,commercial_or_insufficient_evidence
2169648557131100,f6dbe2c79e6c694598cd4e8c77c14b5012230bcc332829dfb2da5dfb529a227f,commercial,commercial_or_insufficient_evidence
2586414351740190,35811284ef733617011a498d2c56fa121d5eb8af259461878dd3d42e85227e31,commercial,commercial_or_insufficient_evidence
770327212813403,0f38a6f77b720a3d280adc124e30c004b174939b049f4f9b18af2dbd58019154,commercial,commercial_or_insufficient_evidence
1478747216957251,38cdaa5a78c1c3c82e19827f9f42341210a087ffbe328789a0f213db856c050c,commercial,commercial_or_insufficient_evidence
1804352990275154,71dca04c7e7062bcc3cf937ae1f2691a6d69ab66889ceddb0c96f611581367f4,commercial,commercial_or_insufficient_evidence
1233880898723331,a5d86496bcae44cdd295726dbfd32ce9468cf47152dbe51082cc0d7d9e56f85f,commercial,commercial_or_insufficient_evidence
937799688927780,479e53f0326489159790c5bda4a0facd5a4b1d48d5917dd385dc51c3283e3fdc,commercial,commercial_or_insufficient_evidence
1403309000963168,5d813d9a1ca407401e9b4e6345efa72e8d90e31d97a9291642bdd7da7a08a499,commercial,commercial_or_insufficient_evidence
1233400271793239,e3a93967ae70c5dc21a144fbc97dc40d202c7d20f2e478f01ed4bdd74d0478d0,commercial,commercial_or_insufficient_evidence
1326640972727734,2d61ee448467388121c32d3a422e35c90299a122c534473014a9363acf45a0d9,commercial,commercial_or_insufficient_evidence
917209954037108,5f4374de5e5765e94ce5fe7503cbba6817faa92eeec0342a3077ba7b64903621,commercial,commercial_or_insufficient_evidence
888770854135326,f42ff21e153334fe27cfab6fec1f502699c3958bb2897bdaba833211c66db438,commercial,commercial_or_insufficient_evidence
948244974304235,ea51d8e4114e3c670c9aea7f1ae9103876fcf35192bb2da3dc38822b0e190447,commercial,commercial_or_insufficient_evidence
962297176971640,e83e4d4f2009ce20ef98d91066ac624e0ab83394aa58386e16b9861b5be11c96,commercial,commercial_or_insufficient_evidence
2416670048848566,e47269718b837dd249329bcb2fa83215fe6891254fc9a85ca64ea0f5a48f27b9,commercial,commercial_or_insufficient_evidence
2385653955206692,e7613be14a8dd2d6e63ac3fc9a3c7f93a5fccaf3f3b62b474132b05b5b723702,commercial,commercial_or_insufficient_evidence
2176909409723578,2bd2fe6a6d7b18aea038a7238ec966ea15ce61ca4ee15ef9e4e7b5f25271d8d5,commercial,commercial_or_insufficient_evidence
26371460555771725,30175e13d938c9b2ec7d955295c3b964facc65be1e2adf4f9083486b06f56293,noncommercial,supplier_or_b2b_programme
1372855857931282,a3db0553e72b94ec372c7ea9a1b3c84f6dbe22839d7c103b7bf62f103f35040b,noncommercial,supplier_or_b2b_programme
1244275524521532,86c4b98a478c59b43ee6e406a9426e40897a4fd252cbd545cd70b083d1234ded,commercial,commercial_or_insufficient_evidence
892899190333909,0c377a98c79bbd53582cc54b2e35062f5f5494762f21b8b8c2fd6acbeaade732,commercial,commercial_or_insufficient_evidence
1215328084050277,86c4b98a478c59b43ee6e406a9426e40897a4fd252cbd545cd70b083d1234ded,commercial,commercial_or_insufficient_evidence
1120298253484785,48da32c2ee614b21f3c78905955f9d641fef97d9519b3534a5800a3e1037289f,commercial,commercial_or_insufficient_evidence
806860102441928,86c4b98a478c59b43ee6e406a9426e40897a4fd252cbd545cd70b083d1234ded,commercial,commercial_or_insufficient_evidence
2853205488358563,48da32c2ee614b21f3c78905955f9d641fef97d9519b3534a5800a3e1037289f,commercial,commercial_or_insufficient_evidence
1573767633931390,fb2fbbc8f92fbfe6e15aa13675d7603691d9918765a8a0bc3bca9a908381873a,commercial,commercial_or_insufficient_evidence
950717970824444,0c377a98c79bbd53582cc54b2e35062f5f5494762f21b8b8c2fd6acbeaade732,commercial,commercial_or_insufficient_evidence
1205644408432593,5d5eb3ed2e48bdcbc022ac3df3121b5c5e51a3f808098733ac6e6236e3fad82e,commercial,commercial_or_insufficient_evidence
2613005089083044,9f59f491c2a875e7e8a0362cfa80158fe2ea4f3ffa6dc640bc917f8f85f0d746,commercial,commercial_or_insufficient_evidence
1459484122556554,48da32c2ee614b21f3c78905955f9d641fef97d9519b3534a5800a3e1037289f,commercial,commercial_or_insufficient_evidence
2190332718158416,48da32c2ee614b21f3c78905955f9d641fef97d9519b3534a5800a3e1037289f,commercial,commercial_or_insufficient_evidence
1099974778853431,48da32c2ee614b21f3c78905955f9d641fef97d9519b3534a5800a3e1037289f,commercial,commercial_or_insufficient_evidence
1619753599440629,86c4b98a478c59b43ee6e406a9426e40897a4fd252cbd545cd70b083d1234ded,commercial,commercial_or_insufficient_evidence
1652175355978576,9c7dfc88d3f2f8a7469c0f3f56d6b8556536d694f6bf97f0fdc86ce0f0e58f03,commercial,commercial_or_insufficient_evidence
4129532843966607,86c4b98a478c59b43ee6e406a9426e40897a4fd252cbd545cd70b083d1234ded,commercial,commercial_or_insufficient_evidence
2539643903103885,03e83b2903692b9609a549f0fe7fa9a13d77f2dd49085dcdfa50d73fbed5d524,commercial,commercial_or_insufficient_evidence
1247724540550639,86c4b98a478c59b43ee6e406a9426e40897a4fd252cbd545cd70b083d1234ded,commercial,commercial_or_insufficient_evidence
2380240585771098,03e83b2903692b9609a549f0fe7fa9a13d77f2dd49085dcdfa50d73fbed5d524,commercial,commercial_or_insufficient_evidence
2249801522210033,9997b33dcef6e7cc51bdc671c5ab1a876dbf346669f04dd53270acfa3cff6ebb,commercial,sustainability_brand
1967455994184257,4a9f08b8c1a2563af0642d7e1b85498d82be854ae53c244269f2aad385b4d9bc,commercial,commercial_or_insufficient_evidence
833186106147627,4e4c9da309c9c89cc2f602f00eafc54e7cb18083c26f7a6ed3343c6206a99545,commercial,commercial_or_insufficient_evidence
1351995216972837,da6c87f9ec8e79ee8b6d17093ef8008a47d1046a2a4d7d0646222d02660069f1,commercial,commercial_or_insufficient_evidence
1140677614544396,a1d1b9d7aa7c3a7ba2d0b8b7ad7a783d83b6bcd1d7dd8de4cb212cac8574fab1,commercial,commercial_or_insufficient_evidence
855913914061920,93abc36dd058a9b60433bb76ebc4c7f655e4fdf45586a112be92fc160a41e050,commercial,commercial_or_insufficient_evidence
1874402113470439,7ae3ef7ebf9ba80bb1f4b5bf76a8c4f4735c5d7e2ae20cf0a9bdff64c4336bdc,commercial,commercial_or_insufficient_evidence
830609222922975,5f060c5e9ee4aecdff71b126af90d869bc964364df5f4d7890b5b61e875c76a0,commercial,commercial_or_insufficient_evidence
1189476052717126,1142fbf6b5691a15f494423ac1aa9baf680939f704c6964849f9a0a2c05dbb81,commercial,insufficient_text
883889510876850,a7f49dd1bf52e30e95a6cf7edaf7fc282f0a7e4cdc1a1cc826d503373c8ecb9b,commercial,commercial_or_insufficient_evidence
1602234734243459,e84a212ec1f3487ed815bb455b15422bb577adc2d63dfebe931ab569c6e9f536,noncommercial,csr_charity
2719945351705209,1970007e5ce0cf426828b8ea953345d51315d86872650026a8b5dc22f18be8e1,noncommercial,csr_charity
2071974033207798,b3245203af3116444f9e81b9e516b3006cacbdd2d320bb4de6d4daec39e48611,commercial,commercial_or_insufficient_evidence
844890031804050,26c6b65f4486a7412c882144f386c931618216c0b44439fc47cdb650d1f6e384,commercial,commercial_or_insufficient_evidence
830499496362341,7f8b8af453f3503317a1b2884d509d260defc08941cca119c7bb5505d806a2e8,commercial,commercial_or_insufficient_evidence
843429471733876,bbf9b337e18854bb7279ffb706cd8e699e4807144ad1a8e57f685267cb35acbf,commercial,commercial_or_insufficient_evidence
858843566628692,42e6c97f757af35884b9518c01daa8fb031aaba4b8da686be80afd86081f3a5b,commercial,commercial_or_insufficient_evidence
1149351420330661,c2f5fb227daa12a973e97b5c516ddb6f7c8b8ac5a76912c04238eed96c18e55c,commercial,commercial_or_insufficient_evidence
1377809214132728,c60b4079400d81b292b94bf1ca2dcb229c6133fd01e76773696db094dfbf2064,commercial,commercial_or_insufficient_evidence
1388310725983138,62227525e32b6eb10266cf54e0eca51879e4938704185445da99546a0b2aca61,commercial,commercial_or_insufficient_evidence
1523836482254340,78a3f26d77d88ab03d8ed53688f5c217fa5ae5e7599ad7e9aa2a54c0883e9e71,commercial,commercial_or_insufficient_evidence
1627752628595589,ae26d6c9cff7e4112c79ef99865063b6824bcb00b6702fb495092eda688858c1,commercial,commercial_or_insufficient_evidence
2333132063790838,c07f397ee34406ad7e0e50281bafe184ee660606366b4f759650568c5092675e,commercial,commercial_or_insufficient_evidence
2374130326351494,ccd95dd0f1e76a616fac9f16f0a38ada31470653bd6ef8288c0adbeb0da8a9ff,commercial,commercial_or_insufficient_evidence
4450570175175392,7c35fc13036fff621fa90541700c30b4feb7f090f061aa8709ccb84830efb3e4,commercial,commercial_or_insufficient_evidence
25171680915794417,9d04fc279bf82ad86f594bcae1780fb3d6b78c155053028005248a1a5ce542f8,commercial,commercial_or_insufficient_evidence
3155691444603639,8f9f3ce086745ac9fbd28ca0efad693a7a203005116538dfa1ea34aa774ab0e9,commercial,commercial_or_insufficient_evidence
1891466394819284,54bcef28b3dc2ee01d78af22eb7ccd0dc1967802505f9fa95df6b40897b13547,commercial,commercial_or_insufficient_evidence
717809061387796,3d5f159ca1ed1dd9438788c26fdf10b661dfcb3a84a754fd0751f2c0ecaa6ae8,commercial,commercial_or_insufficient_evidence
25378299431822654,e5c7f1679a2959486fe8fb5637326080971cf73537da7d777ac52f83de8a80ad,commercial,commercial_or_insufficient_evidence
1144768557809467,59ea8dda5b22e34ab130c0ab735ee84752ae7deddf29680c9e122529dac43158,commercial,commercial_or_insufficient_evidence
1206389458054266,8ad66ed879c68f3937335c27882cef930bcca0244917f47131361a48050a9834,commercial,commercial_or_insufficient_evidence
819840170823207,42ad3eb833bba32468cce2910333ea09f3463f8c47768103e642a71d28175b09,commercial,commercial_or_insufficient_evidence
2262099520934404,df62e923a3a4dccc35b64b20a2527a45edbd56c668c46964018ec4dc35ecd6fd,commercial,commercial_or_insufficient_evidence
1138892931345251,e4d7f2bcf3150318c7ab59f9f8268babeff48a10adc41239701d9981a2dd221e,commercial,commercial_or_insufficient_evidence
1207468681243944,510502ac12ce29c8c55946ed42aca35eddb08047d8610c7e313f4b185541d011,commercial,commercial_or_insufficient_evidence
671736802537781,1b8e87aac6c7051cd49fea3768b71c3843c42a5c42507e1453f3c01d062d772f,commercial,commercial_or_insufficient_evidence
24624963360515692,4fa90ed542026b368b8554583b298429c3acc895028b63fc4fc40f171f733ef2,commercial,commercial_or_insufficient_evidence
1905223903762425,27757db664cd114d65b1cf3a2c9ca7527dd939b6cf226f667ddf867a8fe6047a,commercial,commercial_or_insufficient_evidence
4026400687503389,7519a926ef2464a4a58e37616d55c74211cf2503903f455d7c4199bfea1e90e5,commercial,commercial_or_insufficient_evidence
1492870071943852,f63ab8c33d4859bfce4bdf64186a0166f2edce43de6ac705117ea9b388539e2d,commercial,commercial_or_insufficient_evidence
1141044801546270,c66c75a0cb634bd26e4c68e4887aa43419519445de84f504c138ef53cf98937c,commercial,commercial_or_insufficient_evidence
1346920980146841,24355d7b6d2c24a1940bcf72c11bd155e1f3b67bad3fd2adf11a2883e4cfc69e,commercial,commercial_or_insufficient_evidence
1531024224605158,4c869d4064462badc410a03ec0e3651eeb9742cb6443b43b6890c3dda8ba349a,commercial,commercial_or_insufficient_evidence
1384761916541919,4c869d4064462badc410a03ec0e3651eeb9742cb6443b43b6890c3dda8ba349a,commercial,commercial_or_insufficient_evidence
810993725159875,4c869d4064462badc410a03ec0e3651eeb9742cb6443b43b6890c3dda8ba349a,commercial,commercial_or_insufficient_evidence
1082251553861978,4c869d4064462badc410a03ec0e3651eeb9742cb6443b43b6890c3dda8ba349a,commercial,commercial_or_insufficient_evidence
1139550098355352,4c869d4064462badc410a03ec0e3651eeb9742cb6443b43b6890c3dda8ba349a,commercial,commercial_or_insufficient_evidence
1589152872242025,4c869d4064462badc410a03ec0e3651eeb9742cb6443b43b6890c3dda8ba349a,commercial,commercial_or_insufficient_evidence
2620572248321549,4c869d4064462badc410a03ec0e3651eeb9742cb6443b43b6890c3dda8ba349a,commercial,commercial_or_insufficient_evidence
998236169142992,52b049010f93c97e8bc9fc55ede90e2779cd4a9b83bed1da83a4ac3cdd4a630d,commercial,commercial_or_insufficient_evidence
798124983028175,c5c833ef6b30807829934c86496c67772e277a3eb213471becd785507c3c71c7,commercial,commercial_or_insufficient_evidence
817444964346105,df8438ae9294786cfa31eb435efe2849b81a97856740db4e925ef98ca4636625,commercial,commercial_or_insufficient_evidence
1257068979792168,3080a69d2bfa7eaddaa40efce6272892c5976334553a1e48e0521078953ff0b3,commercial,commercial_or_insufficient_evidence
2887362231455091,d46e4f915e2e05615aa3e8cca9c73b4398eba08bc538873e66a3d5d3352761f6,commercial,commercial_or_insufficient_evidence
25311239868500665,b035aed083f77b0ed798bccb27beb34d18bd6ab840bdb5b89ce314580170d9dd,commercial,commercial_or_insufficient_evidence
25203158559319576,15181bcd04e8639b1adf4b8cc09525a83ee0d5542cd9406791b120be551c7f2b,commercial,commercial_or_insufficient_evidence
1566710791187007,4508bceb6010f1a55760b7e0cb30b5a82a8688e20dfcff457f9c8f237f0cc448,commercial,sustainability_brand
1950256015539870,7b53dd4bd2d7f2a7d6110c1d4acb0501d72a766717a31e656f9f591833e47b3f,commercial,sustainability_brand
873207655033015,b5401d87f05d689d4cb6a053680c6fd2e260a1422e33420081ad498a739fdb49,commercial,commercial_or_insufficient_evidence
4359122787649195,5519c0525552f837e69214fab8df3f8d2ea1a310a9ace6471c87c9a232ae46c9,commercial,commercial_or_insufficient_evidence
1563338781356732,059d509067156723596c902f0a287f62dce585921223c237684515959383e0f1,commercial,commercial_or_insufficient_evidence
1871406673447258,18c67e93a80cd36d53ac6cbe59ddde35026e596597cd6cae6192f121d67fa6c0,commercial,commercial_or_insufficient_evidence
1203323418292980,028003177116152799f20b24304637282a3e6af8c9deaa48efa0c047041fdc67,commercial,commercial_or_insufficient_evidence
855062887193815,1c21061120b4b123243f8a97750ea1d88eb9e054e3e60f07bea76c51b93f336a,commercial,commercial_or_insufficient_evidence
1315361303085151,c7b975f10a89359e860eec9645c5b04ac7f5357255bf70af835e9de4add3c1e1,commercial,commercial_or_insufficient_evidence
3276464895836708,395aa660a79fa3fb2a14591bbdf1ee360fb18a93987ed9543c7867385baebd30,commercial,commercial_or_insufficient_evidence
1249544837189530,16f5d8ab33796aed93b625c0b942456c82f99a129ab42d244839e289c50ed4d2,commercial,commercial_or_insufficient_evidence
826042163309838,29ae1bf50247e115bd7a676e90bae4f467bc94eba5ae8956fd490ae09402a7dc,commercial,commercial_or_insufficient_evidence
1537034577497889,64f3fc0c438cdfa1d7bb2a45ff6b209545e8f3f6baba572b88592f1fb6230040,commercial,commercial_or_insufficient_evidence
2241231416376972,3427c559e8335d51ea364959880c5f5d59da3cb27660c41c21d2fe8f08f6b40c,commercial,commercial_or_insufficient_evidence
1152199989591952,1f37484f7ae2ec6805f9bb312f19572eb3ce1a87bf51c200f197d996e17c5441,noncommercial,csr_charity
842681024953937,65a351099b1c2dd8e26e2cb37bb714b48faab63022ef06ef132185550d476388,noncommercial,csr_charity
1370104624510162,a9fdd46c7d6d9598addc58e036509c0400363723a126d2f27307c692b88f7df9,commercial,commercial_or_insufficient_evidence
1881833046088956,c12ef69464f8f850c99f76e0d94228b43cc833319588f06068671a695d07a6b0,commercial,commercial_or_insufficient_evidence
4063629450634024,ebb876fd8dd6e85398dd06944e2f6db2c53d76d62a96495de33ce8907d2cff85,commercial,commercial_or_insufficient_evidence
1347850606850662,4e3cef4e92ada19952ddd4bc6bc222c38db61ba7fd83a41d3f6bce55000b2e05,commercial,commercial_or_insufficient_evidence
687920093776868,ec410bb63dc52d9ff50560692eabd74e610c0bd076d0efdb5fcd9fcf9feda61c,commercial,commercial_or_insufficient_evidence
798076539587837,ddc26d38d2e76c50c33881c3c83ec97c459d62c23cafa1dfd78fcf9405b9742b,commercial,commercial_or_insufficient_evidence
1952413145582721,e1c9bce41e8efa81fe6a3f26e12afe4c152684985e738574970ee6998d0c125e,commercial,commercial_or_insufficient_evidence
24594956983470505,d1c3c06d073d79b9394bcf2357328e4e8ef5adf2034242dca9f498daadf08c11,commercial,commercial_or_insufficient_evidence
1312988047021202,a4bdec604de96b1e6791c3fc03ec39b3cd9ddd89af65b6802b238bdc43c4bdc2,commercial,sustainability_brand
1912510509396433,7aeb2d38994ccfb65ab036894c1947e84f6d69254bbe85dcba15531c29c327fe,commercial,commercial_or_insufficient_evidence
1284531422907720,4d99c58794cad11d9186e3d9d88cc37b50cfaf99daa69f6a01685e8abb18a5cf,commercial,commercial_or_insufficient_evidence
1133185532207575,ab2e319b541778f9255e4daf46ad2971d6350e3e67f797ec97ad60a2c6f45dce,commercial,commercial_or_insufficient_evidence
2022467371740774,511076d86efd48222678f04b7de8b2c89f23ffc5bd221ef16deed72e823f81f1,noncommercial,csr_charity
1476883283813262,c6621cc079738ca9f7d807a2645d84524fdf2fd32a59e1a62f0c522cd78e69c3,noncommercial,education_or_community_programme
26882694794676940,c6621cc079738ca9f7d807a2645d84524fdf2fd32a59e1a62f0c522cd78e69c3,noncommercial,education_or_community_programme
986535930604925,c6621cc079738ca9f7d807a2645d84524fdf2fd32a59e1a62f0c522cd78e69c3,noncommercial,education_or_community_programme
1143310587474924,a95215a6017dcabf36a31e71578b88c7bdc7fa363ea5017216d3ed88baaad134,commercial,commercial_or_insufficient_evidence
1714176149639139,a25d67982e1e0195b540ce3b8a0e0475da3457f8e05af3744f02080f4cc4512c,commercial,commercial_or_insufficient_evidence
1094873976300948,a25d67982e1e0195b540ce3b8a0e0475da3457f8e05af3744f02080f4cc4512c,commercial,commercial_or_insufficient_evidence
1645899533759908,078007bd0ffd002eadc4b278aa50441296c41268e837924f676568488b63130a,commercial,commercial_or_insufficient_evidence
1722800945645173,46459aaf830454ba978cc09988ba472cd87aa6ca75e6e89b3805f0e8d52a6c80,commercial,commercial_or_insufficient_evidence
1636011111278470,aee756a141250109875bbc45028a56729aa5a9fb909159295e936141e0ebec61,commercial,sustainability_brand
1474575511255290,8791c662207815886e1be53dd286a114e8f550e2ab255cf926ed2299b55a59d5,commercial,commercial_or_insufficient_evidence
2103217386898387,98439dbd310e31389a5deeabd2ac3e927d1e18ba42926b460468c0ecd156af16,commercial,commercial_or_insufficient_evidence
2637644350001154,ea07eb54a55821801f85e2d47a4761adb81e9890387c0cd53e1878ef0e13d651,commercial,commercial_or_insufficient_evidence
1541292207794895,1bb12850c6001645bffae5d669b62f2349ef80c72a928684a07d2c7c215a9820,commercial,commercial_or_insufficient_evidence
1739171247232078,74252a4141aae76b47267806497d07624d463aeb8b2264e2f5eec03a74078dc0,commercial,commercial_or_insufficient_evidence
2105333520048777,085ffec441acfa4cf215c611e8489e0e1707653d34aba890817202f4dae3990b,commercial,commercial_or_insufficient_evidence
27749988437945179,ca5c74431193674a5d83f74bdf022bca9c49124723ffe2e0fa8e8c0161e63240,commercial,commercial_or_insufficient_evidence
1401763205156798,1bb12850c6001645bffae5d669b62f2349ef80c72a928684a07d2c7c215a9820,commercial,commercial_or_insufficient_evidence
1437280608419138,c96547b4541ff66d09b4ae7157674b2e228b02559a85cfa1538130bf06af5cdd,commercial,commercial_or_insufficient_evidence
1593610548984297,39463c4493b1a6d23c8bf20d99ce4e68c45e6cf023f7c8a7cd579e0cdb390c0d,commercial,sustainability_brand
1020902603882044,82750fb7ffa8c10ae7181c7840c8ae5a6fe381d0127233a81a26ae992ea49d80,commercial,sustainability_brand
4571824639713428,1cee1eb25708f231d94163ab9c93867d865a5c5f3ff441e956313460e4283e50,commercial,sustainability_brand
2905919629769633,2f4536ed32532d212910a307264632a12103241e340e17885146fb50b2f2dcb1,commercial,sustainability_brand
1248730627281609,f5b8c9b7f957235656e3f92f369aded325b90a660828a0489f08364498457a95,commercial,insufficient_text
895200930300826,cc9018a73cfad27d7933afe62bc18688e8a00457686daa6c69e7307eca0cc5d5,commercial,sustainability_brand
1012732408040702,51bc1357bbe3f6e402c29f774650cb6db1ba8af32ddadb22e04c969038636e80,commercial,sustainability_brand
1094771186558930,6de19801dd4e3dcd9e2795377b8ced4c45ae4a4bd613570db8c794f74d6fb954,commercial,sustainability_brand
1601996338115392,d1cd7dc810c6288571d4f7b6f1a5acac7b10c0902932842821c4a485f56fdad4,commercial,sustainability_brand
878186798702938,f5b8c9b7f957235656e3f92f369aded325b90a660828a0489f08364498457a95,commercial,insufficient_text
1531800848326758,de1d9663dd17785cf8a78a27cd976b2be763407568db22825febed77d85fe527,commercial,sustainability_brand
1024505680328891,99af794d6bc6b044e7ae9132188babb9b932047896caecad77c7d0b704c105d8,commercial,sustainability_brand
1981797945839575,6ed0e46efe34a7c758fc7103d1745942d52796d38910aa90bb71fbbe95b3e721,commercial,sustainability_brand
998379499654353,84b2d2e145ab6d1b7ee04baf4c053d03835438eb4cb82c0c3b2d26c6ee813f73,commercial,commercial_or_insufficient_evidence
1026583966486126,e9276cfdab795c29693cdba4eb05081dc8f020f71628a7c28249b650b2b6b366,commercial,commercial_or_insufficient_evidence
1366902085631405,fe3e958d168d50f25e4713adb8d65f69925bdbcb5e52c4724c1ecd07d407c91c,commercial,commercial_or_insufficient_evidence
888361950359763,06fe7daaaea6570002648ff0bd20494e7d4600f55809d963721ec95f35a1cd14,commercial,commercial_or_insufficient_evidence
27414133971570843,12f2be90123719cd784a5c4be903caf14ad6ade90f24310ac1cf865d47a85fad,commercial,commercial_or_insufficient_evidence
2032066237401557,fe3e958d168d50f25e4713adb8d65f69925bdbcb5e52c4724c1ecd07d407c91c,commercial,commercial_or_insufficient_evidence
2110765503181027,a8faae84a441f0c7be8b8650711b0e4ab090ed3e915b7aba271537252b6bfe4f,commercial,commercial_or_insufficient_evidence
1686989409554943,d989a51a9019573d4a17fe97f4fe93bb812109507e7e81b21f245d17f209af4a,commercial,sustainability_brand
2064631340928912,81534f1d29d77febc4cef5f2602dbacecb3974f05adf54a20e5ebc60cb37315d,commercial,sustainability_brand
1551088633189821,7ceb41aa283be463ca7cb8ccbf264e4a0a3920cc096ecb9b0f46421b572ca851,commercial,commercial_or_insufficient_evidence
995774686395113,63e21f0e3dd647f53bf2cbfaaec74a06a53beb37a2747bec2cdc1b7ba5fbfd83,commercial,commercial_or_insufficient_evidence
870281698959947,63e21f0e3dd647f53bf2cbfaaec74a06a53beb37a2747bec2cdc1b7ba5fbfd83,commercial,commercial_or_insufficient_evidence
1487595305949471,8ec033673ecb4915492ba2ab2136ce2d33294a34275958a5bfee60a0a207bf21,commercial,commercial_or_insufficient_evidence
1307230734728242,702f626b5425aaaad3f6d3f4bbba32b548056beb4599fc564961a3edc32eca6e,commercial,commercial_or_insufficient_evidence
2251371615400835,702f626b5425aaaad3f6d3f4bbba32b548056beb4599fc564961a3edc32eca6e,commercial,commercial_or_insufficient_evidence
992744713682301,b465588f35b26deb563f7a26d3f8cfe65403c33d94e939c0731c31ec702849f8,commercial,sustainability_brand
1365394378781332,b465588f35b26deb563f7a26d3f8cfe65403c33d94e939c0731c31ec702849f8,commercial,sustainability_brand
848664724633242,4b9cc449399bc565df7bff985558c729ce9755639e97201cd326d19c5214d74e,commercial,sustainability_brand
2170667020444863,2f3ba12ddcce33cfac2c976e2ffab3e640f4af839fbdeb7f805f05d63b1c95b6,commercial,sustainability_brand
1502444448232233,2f3ba12ddcce33cfac2c976e2ffab3e640f4af839fbdeb7f805f05d63b1c95b6,commercial,sustainability_brand
1630359921381840,2f007967dcc25b15f20e6543d5f22f3774b7a819aa18397dd12a0bfc395089c9,commercial,sustainability_brand
2542640839587679,de1d9663dd17785cf8a78a27cd976b2be763407568db22825febed77d85fe527,commercial,sustainability_brand
996197966197209,1a91df759b5d5380d12d7417daf167fe761f5b20a085a3b4e3959f3500756309,commercial,commercial_or_insufficient_evidence
988556977381164,9e5b8e6a31a253151f0d3e12063ad30847ae4e5a321ade855fffeb8337985767,commercial,commercial_or_insufficient_evidence
2043589966233815,f3c255c3a257034343aade9cedfdf764663d5794cb762c47a9f7f45c99a192f7,commercial,sustainability_brand
1509945997330112,e1902a5720f31efa206aa611672ded198130acb4793fbb41fa5e78eb91e574bd,commercial,sustainability_brand
973283605584576,73f91dc016e8415913112c2a6a4de38c9fb47f174e2f3b937f0c0fb253597777,commercial,sustainability_brand
1407938214431403,73f91dc016e8415913112c2a6a4de38c9fb47f174e2f3b937f0c0fb253597777,commercial,sustainability_brand
1303334944677203,edd935e71e8440a638025047d785b8f19e9ec5336a3348f6b555d47582be2bc4,commercial,commercial_or_insufficient_evidence
1536352481542364,79e859289e06210b6f82494871be8e7161c58a4ddc0033ec75290c495cabba51,commercial,sustainability_brand
1746498216338615,1483c392f85d1e13b3e783eef8ebf57c2d0e02953addfaed8bb6c8e51fe903fe,commercial,commercial_or_insufficient_evidence
1801284997348331,d9062e07ec3532be50b304b30c5ba9414d4e1f3c1ec143d482372e03c2b1bcb7,commercial,commercial_or_insufficient_evidence
2066368930982418,2c6c489d9c7abbe4701e1f6aae33e13ff18c72b84346c5a2e8dad3f14522b655,commercial,commercial_or_insufficient_evidence
2451389715376547,730a27f02b1fc5acadeb33ec3439d8e77b1708bda31c187059a3b48355e90f55,commercial,sustainability_brand
2257138231725923,864585daedca54f72bca3b8b0842723511e0ed9b14e2146d8f08628da55f2d4b,commercial,commercial_or_insufficient_evidence
1213360144070194,7d2ce93ee1c6850aed1b7536510a885c72f870999458f3958e759f2cdf397835,commercial,commercial_or_insufficient_evidence
1681425676207985,1473ce7fd804bd9b20ca48f181f458cfd67ed5ed7d1084ffde2434c04ce28c63,commercial,commercial_or_insufficient_evidence
820996367369712,7cf45665cd7718170740b90f44c3b99dd83f091614b64cf3122f9602588a1810,commercial,commercial_or_insufficient_evidence
1366564522005390,7cf45665cd7718170740b90f44c3b99dd83f091614b64cf3122f9602588a1810,commercial,commercial_or_insufficient_evidence
993205233203391,20e92c25e93ec04f240a7b880396a5242cef9a4b399c6d82eaf72b07057b9e32,commercial,commercial_or_insufficient_evidence
940101725559621,011cf6b2235d5f9cd148304b0f65e56a315b35ec37893cc08ce6700a24a0cb0f,commercial,commercial_or_insufficient_evidence
1290637826563748,8791c662207815886e1be53dd286a114e8f550e2ab255cf926ed2299b55a59d5,commercial,commercial_or_insufficient_evidence
1944628392830389,653ff3c52172c088051d6cd4bd3dc5c3b050ae1e6933894ddbf65e2c79a99694,commercial,commercial_or_insufficient_evidence
999241549293128,67c8365d95d9f980980e895bba3b58fd1c3d8eef5be7824e8aac4e3648504111,commercial,commercial_or_insufficient_evidence
986440863963199,7da32fb01610803b536a8b312eda445d7e37bcc764e7012fb07904988d6c191c,commercial,sustainability_brand
964690959758945,780432141c926a6dfa4279cba3ea136dac02dc0817eea8a084156e2d5d7858f1,commercial,sustainability_brand
1685857352600777,ce2c1d0be4ba5b9e1bd7a9e25d7217b4d7f995e7b1da1011613292c125b7ba60,commercial,commercial_or_insufficient_evidence
802071109389986,289f85b872a839359afb660403f699619add32febd126550317bc7bcf09a022b,commercial,commercial_or_insufficient_evidence
3372581666253873,0bfc8b79dc4b5dfddaaaa06c91ee0349708f3e53a33d2720adf331d1e579a7e9,commercial,commercial_or_insufficient_evidence
919217034485820,0b81a69d2b138d856903e5e6c916f7420d253e9a3a8eab2241a1b6c5c31f2fdb,commercial,commercial_or_insufficient_evidence
3259272207613018,6d6d9dadb5b880efdbe291145ac1183c757bc62bbafc972178390bd5dac33f38,commercial,sustainability_brand
1513612153541003,e0cb1c7baf5efdcc0d268ccb3b1aa682a1ae5c2f6108d8d4b1a08133b35e8601,commercial,sustainability_brand
2067361527141931,6c303cada7c4f4be4be85c117914106ac24fb0549924577f1a614b137bd2ba73,commercial,sustainability_brand
1901643860604093,7da32fb01610803b536a8b312eda445d7e37bcc764e7012fb07904988d6c191c,commercial,sustainability_brand
962610296356363,2dad4a399025a2125167f3b46fcc586db65d32b5d6ec6832cbb5e4a43faacf24,commercial,sustainability_brand
934610679448714,ccd89757561e1a23d84cad5d4407f26842d173e627495f0265b2dff3e74a7683,commercial,commercial_or_insufficient_evidence
1880936255913188,bd8fe7bbd95862111a0dbba26688938af956d82b63ad6373bb7e38917c7a209b,commercial,commercial_or_insufficient_evidence
1941884920022686,fa2189b4cb0e6fbc4a66394c6ec3276296cbefbede1cc770f3f795b2d318c690,commercial,commercial_or_insufficient_evidence
1556342423165628,780432141c926a6dfa4279cba3ea136dac02dc0817eea8a084156e2d5d7858f1,commercial,sustainability_brand
3701568576651011,f486debf47934e57eec30fea90deca8cf6d43e65abd97cdf69083ea6b8a4caa1,commercial,sustainability_brand
805732895923035,b55b83314a87f88798d391c1165ce8f496e5683f06a8ce4ab021eb4dadcbee6c,commercial,commercial_or_insufficient_evidence
4370413083176030,b55b83314a87f88798d391c1165ce8f496e5683f06a8ce4ab021eb4dadcbee6c,commercial,commercial_or_insufficient_evidence
1615698006213106,b55b83314a87f88798d391c1165ce8f496e5683f06a8ce4ab021eb4dadcbee6c,commercial,commercial_or_insufficient_evidence
2521092575016439,b55b83314a87f88798d391c1165ce8f496e5683f06a8ce4ab021eb4dadcbee6c,commercial,commercial_or_insufficient_evidence
1220879089841278,13e6557bca0c0f8016f1c6c754ceeb391260f2e3d0a404adb40e3c56ca6154b4,commercial,commercial_or_insufficient_evidence
1451497539857149,e5ae3717b18799f4b1ed2c9ea7428669402d08565745961979f3183adcf566d2,commercial,commercial_or_insufficient_evidence
2160417758090243,f93296d7fa50dfead87004b6aee3846a866c25dad1a68d22d0519e548b2bc468,commercial,commercial_or_insufficient_evidence
1690100108665844,0f1f9e53125bd3ebc08c63e4ae013e8f66958057dae7ed7b63e5bf22070c7937,commercial,sustainability_brand
936367602696328,a02272dad45398ad4dd4ba49b2f76da38a44d9a7537eafaf96b84eba34c9ff0d,commercial,sustainability_brand
1254625936847157,f7e537f8f95bddd2735513c430a7b82577de8e5a98fdde72548142f355dc2862,commercial,sustainability_brand
2000499950538625,98e4013283e515ee2fc92d100473e30a57ed6c3417a00aefb1edd53f2a7698b3,commercial,sustainability_brand
2141746619992114,97ae53f26ae6d70fe2179649405c37044b7ae3b431cd6972eb04e1d3119e80b8,commercial,sustainability_brand
1419911733166526,8f2bed30a4cc6c6395f6f92ab7e60f2fb6c133635d1d4274b7714c1e2b35391f,commercial,sustainability_brand
2147400449416919,b0870edbf7395746d88f3b07a392e719f7a54d31aad8761a289e425026b5f745,commercial,sustainability_brand
784395738078041,6c320cdf3ece7abbde6d25d2d57b43c56dd5cf0a803e734374a4468b1edaccc2,commercial,sustainability_brand
943711815258224,7dbe91383696717d2af56040b9da7e384fc169ed2bcee107b0b1299a8ec2a5ce,commercial,sustainability_brand
1252901569768810,35db7adff2c7fc47ed2ad9dd358fac36723cc24ac0d3aa99e0217af8f4903f36,commercial,sustainability_brand
1465789745038491,b042d2e4619adea3904d4d9338f19f202e114a5c9f5329187bb8b5d4412889c1,commercial,sustainability_brand
1912436922714188,1c2d7f5ace1b202222e2b3d9c11d4a250497dd759c3d24b949ca49de2987ed1f,commercial,sustainability_brand
1936250307284125,90fc65271660551d63662f30be8dc5b7dae372c4c84f933888091d2b98d73a67,commercial,sustainability_brand
3327709390743930,c1da0ddbc9e67c3b1d3351a4b8cb7dcb534476b7e7d08f7103858fa327a70a5f,commercial,sustainability_brand
910401861633890,5959c61401207bf23fdefd090c6d3666a5488ec802d241ed98d82985331c4c2d,commercial,commercial_or_insufficient_evidence
2155028561981864,9f59347917d588d0039835e5d8637c7479fa359c517bd28401d3bf7857ee5f1c,commercial,commercial_or_insufficient_evidence
1340139331280705,b0870edbf7395746d88f3b07a392e719f7a54d31aad8761a289e425026b5f745,commercial,sustainability_brand
1463510865282902,daa4c550b44105112a8bd3af704427944790a2671aefb0657aab6a25d22f4abd,commercial,commercial_or_insufficient_evidence
1243067730732639,daa4c550b44105112a8bd3af704427944790a2671aefb0657aab6a25d22f4abd,commercial,commercial_or_insufficient_evidence
1933353377549799,dfc4bac42bb323e812e766461b22d865787fb24aff1a8722d7fbfff4f8135251,commercial,commercial_or_insufficient_evidence
1507265134153753,f049955ecd50794df0be339dd07a8a013bff4a68f9959d149eab135c4d322921,commercial,commercial_or_insufficient_evidence
1277370757616293,b0870edbf7395746d88f3b07a392e719f7a54d31aad8761a289e425026b5f745,commercial,sustainability_brand
2108266440018560,038316564959697cf6cae3517d3186dab81193519c9381fffc65829207e563b8,commercial,sustainability_brand
1085205060427676,ae7c76ea29a3b9b2cc2c9c65e7e425f8baebfa813b158919746a0b511b3680d8,commercial,sustainability_brand
1584352389537210,f8a86cbe3d4baa92ac47ff13a4ae6fe0cb97e6203fa8f914d036c42141c27ec2,commercial,sustainability_brand
1844741663182337,2ead9ca8d4e0e21ce6ff9da7bfacd83d0eda28edf22e6246ec3b35b9e32544a0,commercial,sustainability_brand
1970377670502059,186c2bc54adf07bf19e50af3f1d84ed2bbf1b3760c58aa58625ecf87f0f9af15,commercial,sustainability_brand
1979696479600827,25ce2302069436e71e57cbbfe1b2aa4bb8035071dad8d382780297bfc536e107,commercial,sustainability_brand
1434810158323033,038316564959697cf6cae3517d3186dab81193519c9381fffc65829207e563b8,commercial,sustainability_brand
2728694767468088,b0870edbf7395746d88f3b07a392e719f7a54d31aad8761a289e425026b5f745,commercial,sustainability_brand
911669454559712,f246813ea5d1255104f7230af7f9eb8466ea34d975dad773b2e13de914e54bf3,commercial,commercial_or_insufficient_evidence
1030425063482682,47ee16f36c0863fbe20cbe2336d0becf4abb323d9f8bd5a22d1a584ef01d683a,commercial,commercial_or_insufficient_evidence
1431724821755652,47ee16f36c0863fbe20cbe2336d0becf4abb323d9f8bd5a22d1a584ef01d683a,commercial,commercial_or_insufficient_evidence
907124072214131,357481a531b941827060f0f4e807041048fc7c7e7d4888e0f5c03b38e3b64a88,commercial,commercial_or_insufficient_evidence
33781659421481355,e2c27cc7fee0a335517a70d4aed650f9d65039a89561a437f3dc9f562cb34255,commercial,commercial_or_insufficient_evidence
918954790523744,e51bfc85f343740c0d8696bcc08352d669291c0489e3c30f62f9574740f65805,commercial,sustainability_brand
1215042567502519,da934666b4d202e1e673ca162de6d76281dd7beb24a39df749c138d56b5a6348,commercial,commercial_or_insufficient_evidence
1591086541809127,2a15765dda666f8196df2224802b9dcf407941f07b506b55961b754ace5d504d,commercial,commercial_or_insufficient_evidence
676475402143966,e51bfc85f343740c0d8696bcc08352d669291c0489e3c30f62f9574740f65805,commercial,sustainability_brand
903407935470989,8541878a43aae7dae7bb7aea8bce219441b66dc58ee1514b353fe7692fc0d7a1,commercial,sustainability_brand
1291583579446395,45bab290e096edba31b2736bbc2aa1bc6e946f4545cbab38a6ddaec65f900afa,commercial,commercial_or_insufficient_evidence
3234539713388287,c6ce1b22d53f74a3cbd5b4fa3967fdc34b4ff03cb71c4e311d5693546e326f98,commercial,commercial_or_insufficient_evidence
1588149705645608,e51bfc85f343740c0d8696bcc08352d669291c0489e3c30f62f9574740f65805,commercial,sustainability_brand
744899948339350,a3b0683c026a27f0c152a0faebd07199499be583491efcf5c8f86196dc497196,commercial,commercial_or_insufficient_evidence
1947528659485108,da934666b4d202e1e673ca162de6d76281dd7beb24a39df749c138d56b5a6348,commercial,commercial_or_insufficient_evidence
1746199876337443,e51bfc85f343740c0d8696bcc08352d669291c0489e3c30f62f9574740f65805,commercial,sustainability_brand
1567465611154181,e51bfc85f343740c0d8696bcc08352d669291c0489e3c30f62f9574740f65805,commercial,sustainability_brand
4283138231955055,192e94acb9ef63178522a21d8bec0332c8625216223da9f9d07ab98655efad16,noncommercial,education_or_participation_programme
752735214097336,cbe377bf1305fe9a5888547592caf519ecdceaa35ef3b5e0803065a6c7972b19,commercial,commercial_or_insufficient_evidence
914085280965130,192e94acb9ef63178522a21d8bec0332c8625216223da9f9d07ab98655efad16,noncommercial,education_or_participation_programme
1208101380966443,8541878a43aae7dae7bb7aea8bce219441b66dc58ee1514b353fe7692fc0d7a1,commercial,sustainability_brand
895202470118529,620fca584d25988ccff4acfed697509f1218bdec4470ca4cf7d8f024a55625f7,commercial,commercial_or_insufficient_evidence
1181714267469635,192e94acb9ef63178522a21d8bec0332c8625216223da9f9d07ab98655efad16,noncommercial,education_or_participation_programme
745172888634086,30a878d987cc765e20697f9978451971a8989d0e564fb33cf9db2c3ff90a905b,commercial,commercial_or_insufficient_evidence
1128715505845593,ea79f8e46ff6ad6794868bec5491e679c738d4464bf3a824570fb3f82f60b335,commercial,commercial_or_insufficient_evidence
1410672940665166,0833fb2ea29afd4388b91347c09dcedc1aa557300ff2e0a8a8481288dc026076,commercial,commercial_or_insufficient_evidence
735994429565491,32f6f54c3d26cac2664282dcfc57b0e3cbf6481187e362e7b0f11133935098e3,commercial,commercial_or_insufficient_evidence
1040954528204885,c8a4137b6389699b9c147c6a08f5852ba0468aefff5a815f1fcfed093b55a86f,commercial,commercial_or_insufficient_evidence
887145437171002,f5b8c9b7f957235656e3f92f369aded325b90a660828a0489f08364498457a95,commercial,insufficient_text
1040605574909189,9eb01aa27f160945a044eea32c094de96d8e6105c875bc052a3c362dc610a5cb,noncommercial,csr_charity
1116453800415886,f5b8c9b7f957235656e3f92f369aded325b90a660828a0489f08364498457a95,commercial,insufficient_text
2060662741400285,f5b8c9b7f957235656e3f92f369aded325b90a660828a0489f08364498457a95,commercial,insufficient_text
1401304138391252,8fb728d38c24c774cbba045104af9a6990b7c62f36d421dd6a0f9cf880b633a1,commercial,sustainability_brand
1756139159106881,077173c055ef36fa94065f3c5798b5234d3f8a063e977d4694048e5e821c02e7,commercial,sustainability_brand
854612847562681,aa064e1459b02caf522ca7062d89587d852ee0769b048f42bd1aa836f7842583,commercial,commercial_or_insufficient_evidence
1226129312752179,4de4fc82e859c36b5c06ae07c8ba1b3b2320243744e187f400964caf43df792e,commercial,commercial_or_insufficient_evidence
1375562350078812,05fc7befa9fbd76be8258a8d7492b07734c6c58d7f1cb10cec1902f0d1f3b241,commercial,commercial_or_insufficient_evidence
3324319251051725,ed151b899320c0dc9625d71effa34f063613524eafbdaf98984c678bc8972131,commercial,commercial_or_insufficient_evidence
2416605588795727,7ec7f4a886fbadba0bf9b272441a83cbc272110d9d8cd8da19b6cf20b5f5f237,commercial,commercial_or_insufficient_evidence
1375422564315176,5de2352faa682de8c2844bee71f5ac7c78ab00c22f686c74c7795f6ddea422b5,commercial,commercial_or_insufficient_evidence
893174863284398,ee9debf01543e194b8af9fbb3f374be44adecb3df74e46c7e15dca29603d5163,commercial,commercial_or_insufficient_evidence
838547498793976,82a295957087c1b2107f945a190f7c87484b51c6436fc15fdb417b018c40c118,commercial,commercial_or_insufficient_evidence
877344234716612,7b856a50a0849f2e15d9a1ef76c8b40ec450da5e8cd5eb5bf4384dacbf9d58a7,commercial,commercial_or_insufficient_evidence
2081019419317532,d4e069e1afb1ca51c8ce1f67c62f74434c1d22b9ff8e4d6c81c37ca407b4c416,commercial,commercial_or_insufficient_evidence
2631015310616390,50459951a71882adc87c0ad53d04d9c7b99710f5d7dd1142387e5f2178090ed6,commercial,commercial_or_insufficient_evidence
1904517613474500,f5b8c9b7f957235656e3f92f369aded325b90a660828a0489f08364498457a95,commercial,insufficient_text
878790005101289,282dff9ead2324cbe10691edb2ebc12c266f382bf4b95f2dcf4f1dec682c6fe9,commercial,commercial_or_insufficient_evidence
5109137499311937,81df6acfa3853e9e7630f5ceca2e8d3c2a980d73f1242dffb1a02fc0a699a853,commercial,sustainability_brand
3477987639021342,81df6acfa3853e9e7630f5ceca2e8d3c2a980d73f1242dffb1a02fc0a699a853,commercial,sustainability_brand
836081292475809,81df6acfa3853e9e7630f5ceca2e8d3c2a980d73f1242dffb1a02fc0a699a853,commercial,sustainability_brand
2536051723458704,81df6acfa3853e9e7630f5ceca2e8d3c2a980d73f1242dffb1a02fc0a699a853,commercial,sustainability_brand
838100442729585,81df6acfa3853e9e7630f5ceca2e8d3c2a980d73f1242dffb1a02fc0a699a853,commercial,sustainability_brand
1363930205123190,0b267228ec66cc7123dfe3cbba432967ad9968f42abe6cadccf986500dfa4eec,commercial,commercial_or_insufficient_evidence
1341920770453857,5e0fb74fcd8261bdb631e550aaee6cdee64c0faf0cde41b8392f9571a2d95d14,commercial,commercial_or_insufficient_evidence
2142238953186206,d79312d40fc32d30ee5bd0d75d1c772903319b028df6cc05e4c76f1d4223e091,commercial,commercial_or_insufficient_evidence
1188086689950378,9eb01aa27f160945a044eea32c094de96d8e6105c875bc052a3c362dc610a5cb,noncommercial,csr_charity
1546218093364383,65778c3144bb4341a787c9c1e0de04c0be69add228c2f881ce46d8c094bcae5a,commercial,commercial_or_insufficient_evidence
1911341846929688,f5b8c9b7f957235656e3f92f369aded325b90a660828a0489f08364498457a95,commercial,insufficient_text
824009220263533,c338e048a8c7c89d1b45c4ff5167885ddc2c01dd515dfd2d9abde1b445632358,commercial,sustainability_brand
826247860398673,d00a320f2d1d16d82b8a71f2e44eac070a4dc1a6e795795c096045b898638749,commercial,sustainability_brand
1277570654132657,44434d591c0cfe2df967ac339d4955a6759bddb600cd6b1c17ff565a9c324ef6,commercial,sustainability_brand
1896937207858727,96a90195d2c7ac3f75dc7fbb0a063a28793a0eda253edecf29544248ae8c5e0e,commercial,sustainability_brand
1530283811508737,f0fe7b441b9568346281239fc5f71fa08fecc150172bc4c5d0190d7e4c831090,commercial,commercial_or_insufficient_evidence
24814340381601343,0e93aa12fef4266e3dd1a3424a4ba01a59a9c537df63e3708a161dd37a83fae8,commercial,commercial_or_insufficient_evidence
1183282929931570,48e7efa4866f693c06b9f1e9fae39cec40162d59fc66fe7891998563db845c24,commercial,commercial_or_insufficient_evidence
1835450347089094,646e7084a40b4a508e3e66c165c1e00ac5fddd1d8a7c679df060da0ba21dd07c,commercial,commercial_or_insufficient_evidence
1124476516433147,ffd60428f4df8dfef457d19e5c3833ec77bddd9da1019974938caa28c3f0f85c,commercial,commercial_or_insufficient_evidence
2075829116510732,510c6d445d5790006b5263fd3ccbb40e1ab99a39500d04472ef369ffcffe4fc0,commercial,commercial_or_insufficient_evidence
3734738806662662,65778c3144bb4341a787c9c1e0de04c0be69add228c2f881ce46d8c094bcae5a,commercial,commercial_or_insufficient_evidence
840902022235978,ffd60428f4df8dfef457d19e5c3833ec77bddd9da1019974938caa28c3f0f85c,commercial,commercial_or_insufficient_evidence
2188684521655332,93b78d3758b51981d68823a89e4c4960ebc2ad08007c81b99f54e693d735c471,commercial,commercial_or_insufficient_evidence
1485242396109332,ec98f22aba447e8535eeaea95600bdaa194727d4f348801c9d8525b1b2ebbecd,noncommercial,csr_charity
769478086149337,d6d6abfbf17add578ef91e8b26bd3e91023b90c029f84c96dc2d8c233e5a7b0b,commercial,sustainability_brand
1531914124675875,f5b8c9b7f957235656e3f92f369aded325b90a660828a0489f08364498457a95,commercial,insufficient_text
878604661161472,b00c58bf6dd7e212cda27745a06651d3478ad95aa92540b2491b362b34acdb3b,commercial,commercial_or_insufficient_evidence
757672900065264,b00c58bf6dd7e212cda27745a06651d3478ad95aa92540b2491b362b34acdb3b,commercial,commercial_or_insufficient_evidence
1284939146651254,9eb01aa27f160945a044eea32c094de96d8e6105c875bc052a3c362dc610a5cb,noncommercial,csr_charity
1461663808240014,7da4b1fcb3b420b95e2a0a670d7b5a164ff4e1d492eeb35e9071554b41c88429,commercial,commercial_or_insufficient_evidence
2768590923315888,ac3a684e722f28978aa9be28f8b4cc33fbf6e1368202e2d44ada102dff25cc32,commercial,commercial_or_insufficient_evidence
1359775065822069,bcd5bb1e6ef4a8ac1e4281677184cbc318a4e31b30d52a1298767bfe75b45420,commercial,commercial_or_insufficient_evidence
4751813631753803,fb546dfccb0499c1152debaae268c4521c2418072373483fd06dac0e945bc851,commercial,commercial_or_insufficient_evidence
1159017496356036,e0b5b6bebcf4dc2d6f9fac79422f306983e136ff1e066e8fdddcbcf517d57ef9,commercial,commercial_or_insufficient_evidence
3808699066098625,192e94acb9ef63178522a21d8bec0332c8625216223da9f9d07ab98655efad16,noncommercial,education_or_participation_programme
24008852032123862,51e562e413dbf09326ae091fad6eaa9c7716db9753b5eb60676ef7c6d9f9679a,commercial,commercial_or_insufficient_evidence
833083056134996,cc1e11e3b58d4c453d68eac34d6aab3b0b3364aa3506bb68b3f71e62ca6c1686,commercial,commercial_or_insufficient_evidence
726664993126873,0d7de38c076bb100e097d0521912bcd93156dc31380c97baeec00ff291434343,commercial,commercial_or_insufficient_evidence
2087150898755926,16740b111e052e272a6f13ff2bbd60faade08c3e818077e0a4f31f21f4e025df,commercial,commercial_or_insufficient_evidence
2310460992717005,e82c9995a0b3e66c8e615d11a7f01fe393cc52eca0984dd4ed401fed66325ca5,commercial,sustainability_brand
825452160231517,0957a1d05dced4136644cec2946ff6fefc1d02993b6cf25fb6facd9e54c300ab,commercial,commercial_or_brand
1194829409232009,f5b8c9b7f957235656e3f92f369aded325b90a660828a0489f08364498457a95,commercial,insufficient_text
4175165799388795,c71d394a7bd298b0f2f2242746f18b93aa251e5468c759f428441fbc69e99305,commercial,commercial_or_brand
674677205445388,f71ae52cb2c15dc9e41549597a5d91f82f03b9414bee95a277a482e96cd5ce47,commercial,sustainability_brand
1188744613323125,faee2e2077b52be4c914dfafbc6866bbf8bc93e0efd3b476f745cd9259881953,commercial,sustainability_brand
1748289482544285,39143d64859aa348cdc2bbc6678f09a8d704f97ae1858be13441168a20577080,commercial,sustainability_brand
1516689502920100,39143d64859aa348cdc2bbc6678f09a8d704f97ae1858be13441168a20577080,commercial,sustainability_brand
1470064210770375,a8f030ab9cb92d10d3fa348d669045b3f64501d8c2a87157b251e00f95bc84b0,commercial,sustainability_brand
849028841394952,94345892f709688cd0e315df269919144eb4dcc43e13d7b7138e9ee9f4eec5ff,commercial,sustainability_brand
1991144341683373,5b2f02fd9e4b855567de7e7c626b0789a208fbf1412170f7ed4a5b7aa28009df,commercial,sustainability_brand
1801626034052010,a8f030ab9cb92d10d3fa348d669045b3f64501d8c2a87157b251e00f95bc84b0,commercial,sustainability_brand
831866909436837,e89e4417cd0404999c96a90c4efed85326cff520621e0b5391b4ea1b43ff8c19,commercial,sustainability_brand
830018779526784,81fc6d97c06dd08d31f8dd63b68394abc7a02218c3e36a1b7600f2794ab1193d,commercial,sustainability_brand
1526109718423824,30d6f63373b5a5e92e6da7432745e1e491bc8a346b22d3dc274ce663cc131ada,commercial,sustainability_brand
1883823755593231,829a9bb637edb685d72b42a01931de0d4017c80adeaf89e25f43a80a7c710166,commercial,sustainability_brand
2301853210254060,d2b184c4ed18aca6e16798d43a086554537aadfab82e8487e499afb96f0b11b7,commercial,sustainability_brand
1352405669725958,cdfd8e69ed503700d339c6bf347dd2967c4ea2d1b9b15b044ed2041ff7d457e1,commercial,commercial_or_insufficient_evidence
1885937285324444,445bfb0d6d1d4b0f1b8f8ad1c1ad23cff77d5d227adb1a38a8d876dfc7d1c1c1,commercial,commercial_or_insufficient_evidence
3375602942586853,226dc042791688bed97c578f9054a745cbf29dc2ae886097b476bad9b5c5ee3e,commercial,sustainability_brand
815188854570756,eb0e36c39afdc75eee619cbe4a430d81f12e02e67b5fc60393321ead8b66fa36,commercial,sustainability_brand
1132948935566257,1158eedbb243d72f56beaf280b74efc11b1b224b024ba04732afc6de183e113d,commercial,sustainability_brand
819310327216562,e71600bf39bbdc5f9f326d70e6adfc739d28cdaf28f87ef30b314a20e0db0722,commercial,sustainability_brand
684291431402596,83c43c9ea176e36381e14e8842d2351b3bac6401b9b7c850576a04480dababee,commercial,commercial_or_insufficient_evidence
1877775253086848,e71600bf39bbdc5f9f326d70e6adfc739d28cdaf28f87ef30b314a20e0db0722,commercial,sustainability_brand
25261477580122448,89c152947561375ea915b05d3c6f238884bc4c73569420130223f20fd7c6861f,commercial,sustainability_brand
1341487637471263,de67c3fa912e8ad93e32c64ad1245ac8e76b51ad83eac2a58674c80e853b2a0f,commercial,sustainability_brand
1191966179504098,2dbc900a977dd2a59b107919c4b8f1a6da1efba709e83447813e45402580e743,commercial,sustainability_brand
1480496846402599,6001509eb6302c0b34fa7997eef9678eea9ef113137a11e34397d511a3c967c1,commercial,commercial_or_insufficient_evidence
1736474053736534,45580737cf341f1a8fac94121c3928e20437f4570b11550cc4a65431027e5108,commercial,commercial_or_insufficient_evidence
1811242023603947,61bf3b37d8e494d5458cd30a97f8d880b302ad314db5572171e11195fd64e67c,commercial,commercial_or_insufficient_evidence
2950489451804319,f5d861f5a1cecde6940b4e057ed4f1284b6dbbde18b40e9f2996deb20039505d,commercial,commercial_or_insufficient_evidence
24629173546768600,e3883b7ce427fbcd86dc2cfee1b57e2e0e3f6a1813174bbdceb4324a2b1f8b6f,commercial,sustainability_brand
3062061517308370,e3883b7ce427fbcd86dc2cfee1b57e2e0e3f6a1813174bbdceb4324a2b1f8b6f,commercial,sustainability_brand
1090391806594609,e71600bf39bbdc5f9f326d70e6adfc739d28cdaf28f87ef30b314a20e0db0722,commercial,sustainability_brand
1362171445243827,2dbc900a977dd2a59b107919c4b8f1a6da1efba709e83447813e45402580e743,commercial,sustainability_brand
4067306623491896,159b57cabb41558b30e08cdf71ed0a88e4e0cd8c86cbfaaf29565015b73a22dd,commercial,commercial_or_insufficient_evidence
2557896484569663,159b57cabb41558b30e08cdf71ed0a88e4e0cd8c86cbfaaf29565015b73a22dd,commercial,commercial_or_insufficient_evidence
2651802745163368,aa459c812dc73d575e106eb7739f09cb3b959643af99cdfe58cc32ab6a1ba1a7,commercial,sustainability_brand
1854307082130696,1b71f76822d3da200e0520a00ddaaec5418afb5f962652b7c051fca5ddd2b9a0,commercial,sustainability_brand
1321355339489067,36b86a32605f10a59b3f2f4c6fe534507389e397931bbdc6a6d971f3465cefbb,commercial,sustainability_brand
1111867634412681,159b57cabb41558b30e08cdf71ed0a88e4e0cd8c86cbfaaf29565015b73a22dd,commercial,commercial_or_insufficient_evidence
1126619069445978,159b57cabb41558b30e08cdf71ed0a88e4e0cd8c86cbfaaf29565015b73a22dd,commercial,commercial_or_insufficient_evidence
673397285820779,2c1a6be618c448a94671f775d79b4c3ab7aaf8893b1400dfc8cfaa8ca163748c,commercial,commercial_or_insufficient_evidence
1079781774330735,aa3abafaf34471e0987112922e5f5311ee736fc6053e2f46e4dd9ca513e41924,commercial,commercial_or_insufficient_evidence
792634169895601,4dadead469e4134ab745885ec8eaf2ac63c878fcd6ef91d106f3541da38919ae,commercial,commercial_or_insufficient_evidence
1401154574313063,f5b8c9b7f957235656e3f92f369aded325b90a660828a0489f08364498457a95,commercial,insufficient_text
643746392127329,f5b8c9b7f957235656e3f92f369aded325b90a660828a0489f08364498457a95,commercial,insufficient_text
1183584450493580,4dadead469e4134ab745885ec8eaf2ac63c878fcd6ef91d106f3541da38919ae,commercial,commercial_or_insufficient_evidence
747968524726855,30a92f87914f7dcb8a3ff6d2b02a8cfa894b2a3afb80ffdd71044ff0376886ec,commercial,commercial_or_insufficient_evidence
742708038590942,159b57cabb41558b30e08cdf71ed0a88e4e0cd8c86cbfaaf29565015b73a22dd,commercial,commercial_or_insufficient_evidence
763415099997060,4dadead469e4134ab745885ec8eaf2ac63c878fcd6ef91d106f3541da38919ae,commercial,commercial_or_insufficient_evidence
1546884026672959,803d173bc4c94a39cd569424a60c6e8f85918154e5defb0e65ae4ba0283983b7,commercial,commercial_or_insufficient_evidence
760563020012130,0c8891bdf17c93eda86a9384ab9c51284e67eb309c10b0ae655143d85eafbb51,commercial,commercial_or_insufficient_evidence
1071646651781164,5e887efe5864a62eadff9a9727e8742a7fea397631b72ba77dffee1c16e06807,commercial,commercial_or_insufficient_evidence
2286704771847608,f716530bbb39d5beb1b047d173fb57245586e0c16022a41fd8d05d147eaff8d5,commercial,commercial_or_insufficient_evidence
3137564109754086,fc8cdb8f9f135a95af565b5ea530dbaa2e2752e5a4c938c6ae4f9cbae26336d7,commercial,commercial_or_insufficient_evidence
765885935849794,ec50dbacfdead59086c5d6c23382f50a0f4bdfd23dcf7a765c2ae5e9564bca35,commercial,sustainability_brand
1707096357290297,fd601b2b7cf1bb3b466294a9dba637366ca28f62767652f7e94a9228d17a4672,commercial,insufficient_text
1510809124062603,fd601b2b7cf1bb3b466294a9dba637366ca28f62767652f7e94a9228d17a4672,commercial,insufficient_text
27391274023896820,05e111467dd5e20b8cf39e95ef7190bf5fb2c316f6939a3c43a74da18c311bc1,commercial,sponsorship_brand
1300123185257006,0101feb3a7d39bf27acaa98303bfb94e59a6e258d1452f00dd0ba2dc4347ea58,commercial,insufficient_text
1541927113560041,0101feb3a7d39bf27acaa98303bfb94e59a6e258d1452f00dd0ba2dc4347ea58,commercial,insufficient_text
1275641604549449,58e83c71acfb04ec034eb78857a7bdf10834b357414bf695e95e71a1f0c82179,noncommercial,recruitment
1660721065078243,5355153478e22a6be9f0af0bca31fdaf7857c3658086045c173fe36dcf504b61,noncommercial,recruitment
1427670755882715,6070d0ce3f39646f6674dd3e1edba1125d5e85f5f4e42629c96d1012c07e533f,commercial,commercial_or_insufficient_evidence
890105920845140,5d04611d2ae0af55877d641badc06c4fc90933f7ed6c7cab56921a3a83e61d3d,commercial,commercial_or_insufficient_evidence
2315978532268552,0038abc3ea0118c33a536c69ed013489feec3b1c7b1cdbe0a02b51ab6ddb6e2d,commercial,commercial_or_insufficient_evidence
28877940675139129,7c26e82f42aa32a0e8daa73714f5aa387f8431287455a779ed1ddffa96349161,noncommercial,employer_branding
829166220162256,5d4cbdc1271f4b80de4b043a815e4e34ec24125ece13f6ed2b11a92eb7afd3b9,commercial,commercial_or_insufficient_evidence
1740909673817167,7c8eacd91b8066fca398667fa1f3ac008b3a36fc4962a93eb9e2aa31b7bcf298,commercial,commercial_or_insufficient_evidence
1049391777549594,ae470cd168a9f7fbee06003154bf39d051bf2022cfb3a150d82f5a321cac214b,commercial,commercial_or_insufficient_evidence
1711920626517742,f7abfccf2d5d15cbc16f1cca1d0dd7f16675b9180e01ab5108e37c57477e90c6,commercial,commercial_or_insufficient_evidence
1026682359857953,bc2b0bd0017b55e903b2fd06b33e2c854b016cd0fa87be6edb2d6472e589fac9,commercial,commercial_or_insufficient_evidence
1037124438708895,fe26a35b00a8ce0b6fb6f9c480e7bdac10b853e51269bf10d8abd30e7fcfd70e,noncommercial,csr_charity
983100337861189,f3f3af3f08a59f172d65f3d1423f67e604a52d57384fcd6d1352cd0337edb5e0,commercial,commercial_or_insufficient_evidence
1314258464165759,c424293c6dd68358afc1efbad79876175dfa9cdddc05a7a6bebc5babfceac131,commercial,commercial_or_insufficient_evidence
1674668047018482,36ee578ef8bb97be29aa666b8a9c7bec8d50bcc86711c623e74dcbfc29025076,commercial,commercial_or_insufficient_evidence
1020862313749482,840bcb97f2332ae9eee3248574eb4f2306c362a8a6b8edf1a584cf5dfbe061c0,commercial,sustainability_brand
27872701855666930,8f1f2b2654f654303a9fac501af56f38907f900ef8e2cc0178c05c1f0096d3f9,commercial,commercial_or_insufficient_evidence
1654910142296854,f92a108c815d7c460141e9ebae3412381b4b045dc340d1ba465c4c086fd6befb,noncommercial,education_or_participation_programme
1644196799991372,9c85c15eace1dd20fd9bb9dbff21916aae2ef4f2b3d3c27eb7aa6dc1a129886b,noncommercial,education_or_participation_programme
4427803690771243,613c54d77b6f52494f4be8248c0cb328fe1e0cfa89412653bbd6c65bf552fcf4,noncommercial,education_or_participation_programme
1930892857615997,506cbf0a44692521319bd45c67b8bb7576f426ec37190e2227ac223ed4f7e4e7,noncommercial,education_or_participation_programme
1804096127238360,4f542255658a83a4019bf66235d4b8a3e3d1535c8d749604f749b38db150f377,commercial,commercial_or_insufficient_evidence
1342895841087715,fbb9fa6467b3f4bf9368f26c5870e80c5d86fac1f1ba190d0175135e0f585f06,commercial,sustainability_brand
3924815391158372,9c85c15eace1dd20fd9bb9dbff21916aae2ef4f2b3d3c27eb7aa6dc1a129886b,noncommercial,education_or_participation_programme
1352724443625849,f92a108c815d7c460141e9ebae3412381b4b045dc340d1ba465c4c086fd6befb,noncommercial,education_or_participation_programme
2567674993648698,506cbf0a44692521319bd45c67b8bb7576f426ec37190e2227ac223ed4f7e4e7,noncommercial,education_or_participation_programme
4565977423726793,613c54d77b6f52494f4be8248c0cb328fe1e0cfa89412653bbd6c65bf552fcf4,noncommercial,education_or_participation_programme
36116760477937958,306152cc4b91fdf6c72356cf21ed71ac9944454e8f5860bd182b817d3a93c157,commercial,commercial_or_insufficient_evidence
1958438621701023,f320f3287e96c481bed079ee4912f8d767c425d001bb4a85ba6bb345a73fb8cc,commercial,sustainability_brand
893970780366194,613c54d77b6f52494f4be8248c0cb328fe1e0cfa89412653bbd6c65bf552fcf4,noncommercial,education_or_participation_programme
1522610162902338,9c85c15eace1dd20fd9bb9dbff21916aae2ef4f2b3d3c27eb7aa6dc1a129886b,noncommercial,education_or_participation_programme
1647456956813276,f92a108c815d7c460141e9ebae3412381b4b045dc340d1ba465c4c086fd6befb,noncommercial,education_or_participation_programme
1694955211646622,506cbf0a44692521319bd45c67b8bb7576f426ec37190e2227ac223ed4f7e4e7,noncommercial,education_or_participation_programme
1622287202372228,11cd12363930090165c80fa372f2742283b9e6e9d48a0b5cf2df5fa72503b82c,commercial,commercial_or_insufficient_evidence
992561160007143,8fc1c82b5d6ed2f07a40ec581a5e28e4581d3c67a10ce081802ac7be699a88ff,commercial,commercial_or_insufficient_evidence
1293091482914362,0b85c6be7635a6265da4ad53ae727f494d8fbf150319bf0593208603c746c695,commercial,sustainability_brand
1458285952340188,86b29a88b89f4980bf1f9a15fbd5f574fc4da54b01abaa947c44d6c36d22df11,commercial,sustainability_brand
801497015918981,59b8c588514dc7c3107eddd96cff6f88a5fb1cc81041574b339e7bce85d431a9,commercial,sustainability_brand
2153852092024274,5df34264be8da83341e50f43e0085a0e2f763b7b3d73a59f1173328063d953c4,commercial,commercial_or_insufficient_evidence
956173246745638,aee50a6e6832b5bb0b4fa56e3e26fb8e651acdb860d3a878b817daae865a015e,commercial,commercial_or_insufficient_evidence
1502303578234334,a7edef3ae3639371b5073bea2d91445cb918e702e94bd4e16d40c32cfaf31eff,commercial,commercial_or_insufficient_evidence
2449194945498217,e2d9d7d564751f21c4159ce6c17f8670613eb873411d1908594435e7bc545413,commercial,sustainability_brand
1579767126588851,fbb0c034faad4048f920efb02cedd10009d320776fbebb17abf9a84c83c7fcb6,commercial,commercial_or_insufficient_evidence
1620060495789136,4dc8b77100f0cd6b5d6de838ece6d8157911aad79e94c0c490e4b841a552caa3,commercial,sustainability_brand
1484456790026852,139aa07ceb268a7b8587fa140210cb9f2ffc1079621b8b59698f6cace2bf0f0c,commercial,commercial_or_insufficient_evidence
4390393101194975,066c3f7034c41ade6589a0822be7fdc9ab8ba9b9cd911c58545d99becf714108,commercial,commercial_or_brand
883922847825236,3c51420c747541ba8324ef16c5cd3156573f6925f4dea0a00226fdd5166561ce,commercial,sustainability_brand
2272934253117183,fafb996c32474584f79aba0d95fef978f23f97bf5becc1de62f67aa6cbd17e32,commercial,commercial_or_insufficient_evidence
1413855933764229,965453f3eccb5fcb6036eb0b2b9753e7ce903dbdb5f535cb707be92d017c0bc7,commercial,commercial_or_insufficient_evidence
1818271118829701,c1cf9e7da5459af0b3bbef1c338e21fb0268c5d50eadb5a17aead4f3ba95e114,commercial,sustainability_brand
668391022952435,5e8aefde1b4d55c818507adfec0735b2b9066b96fa259f5e1aefc489adb22624,commercial,commercial_or_insufficient_evidence
707785065749283,26d7c9bcba6b68b123cb6538de9c90fda72a0d331b2b290c72270afde470b963,commercial,commercial_or_insufficient_evidence
1306762511483923,fc327924d1997437c781ea611716eed8e9203ff8753d0e4784bbbeb536428dd1,commercial,sustainability_brand
1194068522921476,eefc47994bc9994d3e9a6bf5a73d570a312d927279dffac43344005cec7f628b,commercial,sustainability_brand
1662387298061567,42ade01b92c01aeb26273046f08c501e2dd0bf8519b113e08d5351dcb1377aeb,commercial,commercial_or_insufficient_evidence
2083754415810724,0eacdf06c8205b7541115d372c3d9e1856650a94f989744f0154a894b4eda724,commercial,commercial_or_insufficient_evidence
1398288991851085,ff90bdaa4059bffa14d797f9cc21a047ad8ea769f392b75470b4164f9eeeea5a,commercial,sustainability_brand
1589624655527979,c374ed980fb25b9875b0edd7fe24e4f57d5d6cb4683a42f288c0ce1feb921154,commercial,commercial_or_insufficient_evidence
2085357232201020,fc761fee9d18e413c00d9a7379284392ce646463ec30cd47d2663141543be6f6,commercial,sustainability_brand
1164233482090941,a442439d32300a71441aa2189460435c842290682fbfc3bbecc4aaf52efada44,commercial,sustainability_brand
1614910399946736,48aa030fd3463179689d12dd4a6d559e0c633ce8d9331b9ca6d4d8260fb1b849,commercial,sustainability_brand
1753369738545059,4de2d46f051dc393ce77a5b21a9b210f4ebbbf16ace138bc748948b0a616e3be,noncommercial,csr_charity
2300752133774937,70ffa7e320d4e84bd65e8efe313451e56d8ef2762438e938a918e65647a8a175,commercial,sustainability_brand
1534609377784996,1bae90b899856c4b7243062be91d4ed36c7c98913b8da3de012cd11f41e07430,commercial,sustainability_brand
770375412705582,2eddd3c5c8f27683490eb03b8c258aa12d250a8ce2d6f1041157f93a58a7fa04,noncommercial,csr_charity
1398476445061036,61ccab11554a9dfbb48e3997a80694e7cc9b4306a320f37bbe113ecadfc6886e,commercial,sustainability_brand
1520484109284569,451efcc8fa1c82a18e87b9678697b4493a82626a087133621d62b13c487c6d7e,commercial,commercial_or_insufficient_evidence
827633843244709,e2365a0b892de20cc9b1f39a16fb0fb8d9e0298872fa4edee1c19b449ec4e005,commercial,sustainability_brand
1157937285853631,5fdf69cdf24878d4891604c252bc97580f5eadaa808686cb3f5e5983315bed8f,commercial,sustainability_brand
1550833102740345,2a036ebad89aecff07699a39284514d529939127051d4724816d041fb48d6f99,commercial,commercial_or_insufficient_evidence
1257617375710066,bf1cafd6691a7b804a391a59ab25cbb9e92ff2c37396f9edaba1fdf789a909ea,commercial,commercial_or_insufficient_evidence
1861712364421140,2b3508bbabd08d920a65af3d462d69c4c2a99d8c813972167495c2b9d6c0d39d,commercial,sustainability_brand
4157947714453104,23ed0b749684fee93cf8cbd164c2f5fadce113a616b4b688533aad335e6e3e23,commercial,sustainability_brand
1785009462123657,eab1ff7bc403fd7bc5199dda5ea56b7dec7efc7cbba483f2ede8170a76ceab62,commercial,sustainability_brand
1302816107918267,4ec971ba9f4330ee032dab597e5f2604a5b78dceb1497dde5155b29af9599a99,commercial,commercial_or_insufficient_evidence
968482312133052,a751e801dcca9fe96c30b5ffa202f0389a5a95a07bda694fafbf1d416b4b5313,commercial,sustainability_brand
2314800298986095,a751e801dcca9fe96c30b5ffa202f0389a5a95a07bda694fafbf1d416b4b5313,commercial,sustainability_brand
1227295259413914,895764b81528e906babe15417c93a74a5d321a9054e2aa269c4b79405b6a1bbc,commercial,sustainability_brand
1053723363899949,a9636b7ad806aa4df9c19005a5d70d37880525b557ff58ed586c7e5c2aca2ddf,commercial,sponsorship_brand
1560331428776093,ddad080eecd34c28556b0cbf7059780fb04b782cd3c331901232f3c3ad4f8335,commercial,sponsorship_brand
938483222579054,e2da10481677c64a29a7620cfdf023b2dfb271de9ad4d0946829bcc9ab247bff,commercial,sustainability_brand
1010890341398056,3e773fb51a04ccad77a20a2b9f18430ac91e8f5fd724c88468758bacca53d153,commercial,sustainability_brand
1794621018642323,e2da10481677c64a29a7620cfdf023b2dfb271de9ad4d0946829bcc9ab247bff,commercial,sustainability_brand
2105732140294284,e2da10481677c64a29a7620cfdf023b2dfb271de9ad4d0946829bcc9ab247bff,commercial,sustainability_brand
2203794573516780,e2da10481677c64a29a7620cfdf023b2dfb271de9ad4d0946829bcc9ab247bff,commercial,sustainability_brand
4769557379945260,e2da10481677c64a29a7620cfdf023b2dfb271de9ad4d0946829bcc9ab247bff,commercial,sustainability_brand
36434667036179824,e2da10481677c64a29a7620cfdf023b2dfb271de9ad4d0946829bcc9ab247bff,commercial,sustainability_brand
874390342410572,fbd7e2de2ab0507bf628ace6fe32708082f45c6cd694f77fdb88213efc295cca,commercial,sustainability_brand
878410748645338,fbd7e2de2ab0507bf628ace6fe32708082f45c6cd694f77fdb88213efc295cca,commercial,sustainability_brand
1018335400649990,fbd7e2de2ab0507bf628ace6fe32708082f45c6cd694f77fdb88213efc295cca,commercial,sustainability_brand
1521728006412272,fbd7e2de2ab0507bf628ace6fe32708082f45c6cd694f77fdb88213efc295cca,commercial,sustainability_brand
1693110075328867,198488a7ded92e54aef88dfb0f9441788d11a5475d69e93dc28ca33dc585dcc2,commercial,sustainability_brand
1744765173411888,fbd7e2de2ab0507bf628ace6fe32708082f45c6cd694f77fdb88213efc295cca,commercial,sustainability_brand
1995499494438677,fbd7e2de2ab0507bf628ace6fe32708082f45c6cd694f77fdb88213efc295cca,commercial,sustainability_brand
1416604186897414,932dcb533da769604fa42eaf942382fadba1279d720560f0677afd5c40f9e2bc,commercial,commercial_or_insufficient_evidence
982514921306182,8e500ed97d355d56f8a0aedbef4805749dfa025ef87ddcaaa457079eba7449f3,commercial,sustainability_brand
1288893526790263,8e500ed97d355d56f8a0aedbef4805749dfa025ef87ddcaaa457079eba7449f3,commercial,sustainability_brand
1402884578284437,bbbf38da6024a6ec495002907f7434dc7d2b5142f774a0125acf1bdf977a0bcb,commercial,sustainability_brand
1600925634339684,8e500ed97d355d56f8a0aedbef4805749dfa025ef87ddcaaa457079eba7449f3,commercial,sustainability_brand
1618407953160245,8e500ed97d355d56f8a0aedbef4805749dfa025ef87ddcaaa457079eba7449f3,commercial,sustainability_brand
1741618256973880,8e500ed97d355d56f8a0aedbef4805749dfa025ef87ddcaaa457079eba7449f3,commercial,sustainability_brand
2258822724948838,8e500ed97d355d56f8a0aedbef4805749dfa025ef87ddcaaa457079eba7449f3,commercial,sustainability_brand
1926453074725092,0577800d6eb1cde58048e26164f3fb0c7955d158ed8c857e826d4dfc1ccdab66,noncommercial,csr_charity
1361314645850057,0577800d6eb1cde58048e26164f3fb0c7955d158ed8c857e826d4dfc1ccdab66,noncommercial,csr_charity
998174889847587,487de1e309567cea5210c6fb3ec4c0c89d06c22c964c8ae5b7561795789397f0,commercial,sustainability_brand
1394252752750781,487de1e309567cea5210c6fb3ec4c0c89d06c22c964c8ae5b7561795789397f0,commercial,sustainability_brand
1513055040226830,cbb086907451d022504a436a81e1f70d9c51abbbfe38260cdeebdf7fc2f2db58,commercial,sustainability_brand
2230396484033112,487de1e309567cea5210c6fb3ec4c0c89d06c22c964c8ae5b7561795789397f0,commercial,sustainability_brand
2516969872085848,487de1e309567cea5210c6fb3ec4c0c89d06c22c964c8ae5b7561795789397f0,commercial,sustainability_brand
4675244502704430,487de1e309567cea5210c6fb3ec4c0c89d06c22c964c8ae5b7561795789397f0,commercial,sustainability_brand
27046610018322210,487de1e309567cea5210c6fb3ec4c0c89d06c22c964c8ae5b7561795789397f0,commercial,sustainability_brand
1473836694424708,0577800d6eb1cde58048e26164f3fb0c7955d158ed8c857e826d4dfc1ccdab66,noncommercial,csr_charity
969100196025499,0577800d6eb1cde58048e26164f3fb0c7955d158ed8c857e826d4dfc1ccdab66,noncommercial,csr_charity
1299817162264874,0577800d6eb1cde58048e26164f3fb0c7955d158ed8c857e826d4dfc1ccdab66,noncommercial,csr_charity
1881497669450899,0577800d6eb1cde58048e26164f3fb0c7955d158ed8c857e826d4dfc1ccdab66,noncommercial,csr_charity
2501434326964770,0577800d6eb1cde58048e26164f3fb0c7955d158ed8c857e826d4dfc1ccdab66,noncommercial,csr_charity
1016499927608658,0577800d6eb1cde58048e26164f3fb0c7955d158ed8c857e826d4dfc1ccdab66,noncommercial,csr_charity
2279243369554611,16d7106ed0f03a828cc3691f93848cbeb65bafdbed59ae8013044db40951ed1c,commercial,commercial_or_insufficient_evidence
1017750840935476,16d7106ed0f03a828cc3691f93848cbeb65bafdbed59ae8013044db40951ed1c,commercial,commercial_or_insufficient_evidence
1023358210041121,16d7106ed0f03a828cc3691f93848cbeb65bafdbed59ae8013044db40951ed1c,commercial,commercial_or_insufficient_evidence
2044957806147315,16d7106ed0f03a828cc3691f93848cbeb65bafdbed59ae8013044db40951ed1c,commercial,commercial_or_insufficient_evidence
1159509920578379,16d7106ed0f03a828cc3691f93848cbeb65bafdbed59ae8013044db40951ed1c,commercial,commercial_or_insufficient_evidence
1533445021901467,6c927949114f46ed04ca19e49f4d1f33e8701c0f5e80f3de853365257d689218,commercial,sponsorship_brand
1682532306015289,6c927949114f46ed04ca19e49f4d1f33e8701c0f5e80f3de853365257d689218,commercial,sponsorship_brand
1270851778504250,6e6aa522692d08a5aadf66f02392f1e2e620b4ad72d5950721166a2dccf5abe5,commercial,sustainability_brand
1358960412659452,6e6aa522692d08a5aadf66f02392f1e2e620b4ad72d5950721166a2dccf5abe5,commercial,sustainability_brand
1477617994155015,05916ee20462344dc30cbcb95d5d2907d2ebabfcff9a1c43815edd7fc3986c4f,commercial,sustainability_brand
1484649736697149,6e6aa522692d08a5aadf66f02392f1e2e620b4ad72d5950721166a2dccf5abe5,commercial,sustainability_brand
1648303992878506,6e6aa522692d08a5aadf66f02392f1e2e620b4ad72d5950721166a2dccf5abe5,commercial,sustainability_brand
4385025795115724,6e6aa522692d08a5aadf66f02392f1e2e620b4ad72d5950721166a2dccf5abe5,commercial,sustainability_brand
25827527083592550,6e6aa522692d08a5aadf66f02392f1e2e620b4ad72d5950721166a2dccf5abe5,commercial,sustainability_brand
968383592227411,4ba74bb3553db10eddbb98461e4b0151f5d67c1b6f09773ddd02cd5216410163,commercial,sustainability_brand
1278038123849332,4ba74bb3553db10eddbb98461e4b0151f5d67c1b6f09773ddd02cd5216410163,commercial,sustainability_brand
1329159849273507,4ba74bb3553db10eddbb98461e4b0151f5d67c1b6f09773ddd02cd5216410163,commercial,sustainability_brand
1447150103108843,9fccb851c7a093a96893cc1ae1ae2ee5e61742490c546c28a2f98681e4c137f8,commercial,sustainability_brand
1782354642724999,4ba74bb3553db10eddbb98461e4b0151f5d67c1b6f09773ddd02cd5216410163,commercial,sustainability_brand
2769565020061936,4ba74bb3553db10eddbb98461e4b0151f5d67c1b6f09773ddd02cd5216410163,commercial,sustainability_brand
3886345344836323,4ba74bb3553db10eddbb98461e4b0151f5d67c1b6f09773ddd02cd5216410163,commercial,sustainability_brand
809681641603869,28a2f4c690f55bdbe68a8079eb1a55890932c74f0a0964f435391d12c4ea6a56,commercial,commercial_or_brand
1237032685265924,28a2f4c690f55bdbe68a8079eb1a55890932c74f0a0964f435391d12c4ea6a56,commercial,commercial_or_brand
1288771616567421,28a2f4c690f55bdbe68a8079eb1a55890932c74f0a0964f435391d12c4ea6a56,commercial,commercial_or_brand
1436064104676638,3d503deb7d492318432027b653698cf086f840e5e48f52521c6f2ec027682e3c,commercial,commercial_or_insufficient_evidence
1302474018406041,5c3a28e671492ad56ac62f7721484be838eaf29709a1059f879c6f605676a187,commercial,commercial_or_insufficient_evidence
890154900521315,3d503deb7d492318432027b653698cf086f840e5e48f52521c6f2ec027682e3c,commercial,commercial_or_insufficient_evidence
840083431824983,61e35421541e4c53ec158b34b162a93f58f0def6ad01d4c61eeff1c0cb0a0f5f,commercial,commercial_or_insufficient_evidence
880667344972672,c22cbbd4a7289222c7f2e1a600c647f5d9d643467b53595fb075694be181ffab,commercial,commercial_or_insufficient_evidence
926960029690603,61e35421541e4c53ec158b34b162a93f58f0def6ad01d4c61eeff1c0cb0a0f5f,commercial,commercial_or_insufficient_evidence
2081021952676749,81025a538be9ecdc7da07aa285045a0fd4defcffaae26ccefb74c92fa5f5488d,commercial,commercial_or_insufficient_evidence
940412921720486,61e35421541e4c53ec158b34b162a93f58f0def6ad01d4c61eeff1c0cb0a0f5f,commercial,commercial_or_insufficient_evidence
941729671771831,c22cbbd4a7289222c7f2e1a600c647f5d9d643467b53595fb075694be181ffab,commercial,commercial_or_insufficient_evidence
25992599780408907,61e35421541e4c53ec158b34b162a93f58f0def6ad01d4c61eeff1c0cb0a0f5f,commercial,commercial_or_insufficient_evidence
1581668476269930,c22cbbd4a7289222c7f2e1a600c647f5d9d643467b53595fb075694be181ffab,commercial,commercial_or_insufficient_evidence
3961630647468179,c22cbbd4a7289222c7f2e1a600c647f5d9d643467b53595fb075694be181ffab,commercial,commercial_or_insufficient_evidence
1278061664295602,c22cbbd4a7289222c7f2e1a600c647f5d9d643467b53595fb075694be181ffab,commercial,commercial_or_insufficient_evidence
1205476288125657,c22cbbd4a7289222c7f2e1a600c647f5d9d643467b53595fb075694be181ffab,commercial,commercial_or_insufficient_evidence
743160768730278,61e35421541e4c53ec158b34b162a93f58f0def6ad01d4c61eeff1c0cb0a0f5f,commercial,commercial_or_insufficient_evidence
890082487197767,c22cbbd4a7289222c7f2e1a600c647f5d9d643467b53595fb075694be181ffab,commercial,commercial_or_insufficient_evidence
909965701665573,c22cbbd4a7289222c7f2e1a600c647f5d9d643467b53595fb075694be181ffab,commercial,commercial_or_insufficient_evidence
918683241130886,81025a538be9ecdc7da07aa285045a0fd4defcffaae26ccefb74c92fa5f5488d,commercial,commercial_or_insufficient_evidence
924052977014683,c22cbbd4a7289222c7f2e1a600c647f5d9d643467b53595fb075694be181ffab,commercial,commercial_or_insufficient_evidence
938069145477188,c22cbbd4a7289222c7f2e1a600c647f5d9d643467b53595fb075694be181ffab,commercial,commercial_or_insufficient_evidence
944617688081469,c22cbbd4a7289222c7f2e1a600c647f5d9d643467b53595fb075694be181ffab,commercial,commercial_or_insufficient_evidence
944650551297915,c22cbbd4a7289222c7f2e1a600c647f5d9d643467b53595fb075694be181ffab,commercial,commercial_or_insufficient_evidence
956234893520984,61e35421541e4c53ec158b34b162a93f58f0def6ad01d4c61eeff1c0cb0a0f5f,commercial,commercial_or_insufficient_evidence
1223128443214041,c22cbbd4a7289222c7f2e1a600c647f5d9d643467b53595fb075694be181ffab,commercial,commercial_or_insufficient_evidence
1249877793879576,c22cbbd4a7289222c7f2e1a600c647f5d9d643467b53595fb075694be181ffab,commercial,commercial_or_insufficient_evidence
1255422742684634,c22cbbd4a7289222c7f2e1a600c647f5d9d643467b53595fb075694be181ffab,commercial,commercial_or_insufficient_evidence
1265945868792979,c22cbbd4a7289222c7f2e1a600c647f5d9d643467b53595fb075694be181ffab,commercial,commercial_or_insufficient_evidence
1566243781107323,81025a538be9ecdc7da07aa285045a0fd4defcffaae26ccefb74c92fa5f5488d,commercial,commercial_or_insufficient_evidence
1622514915648181,61e35421541e4c53ec158b34b162a93f58f0def6ad01d4c61eeff1c0cb0a0f5f,commercial,commercial_or_insufficient_evidence
1688006579019449,c22cbbd4a7289222c7f2e1a600c647f5d9d643467b53595fb075694be181ffab,commercial,commercial_or_insufficient_evidence
1813050419390160,61e35421541e4c53ec158b34b162a93f58f0def6ad01d4c61eeff1c0cb0a0f5f,commercial,commercial_or_insufficient_evidence
1923150684963839,61e35421541e4c53ec158b34b162a93f58f0def6ad01d4c61eeff1c0cb0a0f5f,commercial,commercial_or_insufficient_evidence
2120599172075493,61e35421541e4c53ec158b34b162a93f58f0def6ad01d4c61eeff1c0cb0a0f5f,commercial,commercial_or_insufficient_evidence
2392548347853351,61e35421541e4c53ec158b34b162a93f58f0def6ad01d4c61eeff1c0cb0a0f5f,commercial,commercial_or_insufficient_evidence
3516392515176199,c22cbbd4a7289222c7f2e1a600c647f5d9d643467b53595fb075694be181ffab,commercial,commercial_or_insufficient_evidence
26715539478039144,61e35421541e4c53ec158b34b162a93f58f0def6ad01d4c61eeff1c0cb0a0f5f,commercial,commercial_or_insufficient_evidence
924082100610329,6fa1a235b9ac2c424cafc5f890486e09d32605ef9f2fdf7368cc9933187e326d,commercial,commercial_or_insufficient_evidence
2704955093202994,9ea7e14cec66fcc7cd94630230a1bb13be34381dffc4c59b86ee2bd96e88a6db,commercial,commercial_or_insufficient_evidence
4293299614254148,472b034d3739816bc4c1da867144148f8cfadb3fec2619cb3dc7f36b3e078cc0,commercial,commercial_or_insufficient_evidence
1297913618926154,323896c55709cbf15c8f9647caf62a72bc2d376d57318f70933de7887fdcbfd3,commercial,commercial_or_insufficient_evidence
2109335896512632,323896c55709cbf15c8f9647caf62a72bc2d376d57318f70933de7887fdcbfd3,commercial,commercial_or_insufficient_evidence
946308714787887,323896c55709cbf15c8f9647caf62a72bc2d376d57318f70933de7887fdcbfd3,commercial,commercial_or_insufficient_evidence
2120211288780154,323896c55709cbf15c8f9647caf62a72bc2d376d57318f70933de7887fdcbfd3,commercial,commercial_or_insufficient_evidence
1267018705338050,9ea7e14cec66fcc7cd94630230a1bb13be34381dffc4c59b86ee2bd96e88a6db,commercial,commercial_or_insufficient_evidence
1475554340943862,9ea7e14cec66fcc7cd94630230a1bb13be34381dffc4c59b86ee2bd96e88a6db,commercial,commercial_or_insufficient_evidence
1501106538309738,9ea7e14cec66fcc7cd94630230a1bb13be34381dffc4c59b86ee2bd96e88a6db,commercial,commercial_or_insufficient_evidence
1464832838593183,9ea7e14cec66fcc7cd94630230a1bb13be34381dffc4c59b86ee2bd96e88a6db,commercial,commercial_or_insufficient_evidence
893909316971899,58c2b72844dd67de65a6e9073966671b0e53dc6d5d7a89c27cac95bde14b9790,commercial,commercial_or_insufficient_evidence
925973367075730,6fa1a235b9ac2c424cafc5f890486e09d32605ef9f2fdf7368cc9933187e326d,commercial,commercial_or_insufficient_evidence
791704886834092,58c2b72844dd67de65a6e9073966671b0e53dc6d5d7a89c27cac95bde14b9790,commercial,commercial_or_insufficient_evidence
903014095827198,58c2b72844dd67de65a6e9073966671b0e53dc6d5d7a89c27cac95bde14b9790,commercial,commercial_or_insufficient_evidence
918271750903099,6fa1a235b9ac2c424cafc5f890486e09d32605ef9f2fdf7368cc9933187e326d,commercial,commercial_or_insufficient_evidence
990871466597336,6fa1a235b9ac2c424cafc5f890486e09d32605ef9f2fdf7368cc9933187e326d,commercial,commercial_or_insufficient_evidence
1350053827159795,58c2b72844dd67de65a6e9073966671b0e53dc6d5d7a89c27cac95bde14b9790,commercial,commercial_or_insufficient_evidence
2045364776395432,6fa1a235b9ac2c424cafc5f890486e09d32605ef9f2fdf7368cc9933187e326d,commercial,commercial_or_insufficient_evidence
1223253893311985,84683fe737bb74725febb483e9bbf19a5dcf79752a7095382532c79a18e7391f,commercial,commercial_or_insufficient_evidence
1499553125069485,6fa1a235b9ac2c424cafc5f890486e09d32605ef9f2fdf7368cc9933187e326d,commercial,commercial_or_insufficient_evidence
26554638770815064,9ea7e14cec66fcc7cd94630230a1bb13be34381dffc4c59b86ee2bd96e88a6db,commercial,commercial_or_insufficient_evidence
1881899579368387,37165de14d87183a04d2ef015e88f2bbd568238c2bd9477baf40aca4e7d83a9a,commercial,commercial_or_insufficient_evidence
817131954656803,5399a5ad625bfdde9b7b5ad48804564cf463116676dd081c220d2f8b4d49fe5a,commercial,commercial_or_insufficient_evidence
889010726902211,a5c08934da7bd8af45232eea6064f1ec728db6efaca175c488cf2cdefd878698,commercial,commercial_or_insufficient_evidence
25276081002000586,a5c08934da7bd8af45232eea6064f1ec728db6efaca175c488cf2cdefd878698,commercial,commercial_or_insufficient_evidence
855982780315702,1676095f9dfce5827bac92409f378d915c8fd0386d2614e9cfc8b67ceddea338,commercial,sustainability_brand
883560984842852,1676095f9dfce5827bac92409f378d915c8fd0386d2614e9cfc8b67ceddea338,commercial,sustainability_brand
1363216825443768,79caf34ba0fef337f1922c5c584185982b9f0c98380c42d7313b12d9560f5797,commercial,sustainability_brand
1387017779595863,1676095f9dfce5827bac92409f378d915c8fd0386d2614e9cfc8b67ceddea338,commercial,sustainability_brand
1490498022058033,79caf34ba0fef337f1922c5c584185982b9f0c98380c42d7313b12d9560f5797,commercial,sustainability_brand
1552533919211659,79caf34ba0fef337f1922c5c584185982b9f0c98380c42d7313b12d9560f5797,commercial,sustainability_brand
3907252999564854,6c4eb155e107c1747799737aea5b3db864a792fcd6c549be740fc14a33101032,commercial,sustainability_brand
736114359533713,86b37a190a1851d6851fb69c4516c1a6bdfec36ec9c4ecc91607feb5a9067433,commercial,sustainability_brand
834742312890407,86b37a190a1851d6851fb69c4516c1a6bdfec36ec9c4ecc91607feb5a9067433,commercial,sustainability_brand
836834669102922,86b37a190a1851d6851fb69c4516c1a6bdfec36ec9c4ecc91607feb5a9067433,commercial,sustainability_brand
888343403535255,4e9b05b1429381fecaa62a94cba5c2635a3270b07de49844a44ec80c30db96ab,commercial,sustainability_brand
1150151593768520,86b37a190a1851d6851fb69c4516c1a6bdfec36ec9c4ecc91607feb5a9067433,commercial,sustainability_brand
1225536736101473,86b37a190a1851d6851fb69c4516c1a6bdfec36ec9c4ecc91607feb5a9067433,commercial,sustainability_brand
1541901953681000,86b37a190a1851d6851fb69c4516c1a6bdfec36ec9c4ecc91607feb5a9067433,commercial,sustainability_brand
875718438348225,6962e4b56d643fe6c2e30e5c6c3a6ad27d54083b6c097d397984132dfdf45c7e,commercial,sustainability_brand
1221817986426950,6962e4b56d643fe6c2e30e5c6c3a6ad27d54083b6c097d397984132dfdf45c7e,commercial,sustainability_brand
1528330738217156,80ecc16910fb9b1633e0cab131ebbcbd729613ce567e25eeb8b1d6b6bdf59f77,commercial,commercial_or_insufficient_evidence
1244701917482508,c82b981cba170651ce89f00c8c95f1dc30606902e4a56ea7f89d26cca794fe33,noncommercial,csr_charity
32662613380020917,c82b981cba170651ce89f00c8c95f1dc30606902e4a56ea7f89d26cca794fe33,noncommercial,csr_charity
829312936760594,37165de14d87183a04d2ef015e88f2bbd568238c2bd9477baf40aca4e7d83a9a,commercial,commercial_or_insufficient_evidence
890656430081125,a5c08934da7bd8af45232eea6064f1ec728db6efaca175c488cf2cdefd878698,commercial,commercial_or_insufficient_evidence
1144781831142334,37165de14d87183a04d2ef015e88f2bbd568238c2bd9477baf40aca4e7d83a9a,commercial,commercial_or_insufficient_evidence
1156347382875325,018912ac23eb208a648eb2a1d0ee1e30e1903ccd91e2a9da616661b2a1db00bb,commercial,commercial_or_insufficient_evidence
1175829794063421,1e35544a6a7c83dbc74b409e576f7ce11bbfdc3939606a8cb12b5ee276317d74,commercial,commercial_or_insufficient_evidence
1188791762579463,ce85073545bd9bde25462d811f3c4c3849f95bc2dd3b3a63169566dd3bb9255c,commercial,commercial_or_insufficient_evidence
1266080345349263,58003bb9bf89e4392916796a577ecd46e95b3e18d98186d58bc2919f3ee8818f,commercial,commercial_or_insufficient_evidence
1337091787615692,89859ee4dfc82f5df41793ad4139498a057c0b34cdd0a971d54c27caa40af32f,commercial,commercial_or_insufficient_evidence
1365015721772191,37165de14d87183a04d2ef015e88f2bbd568238c2bd9477baf40aca4e7d83a9a,commercial,commercial_or_insufficient_evidence
1367211294299545,5a0587de13e4e34ffc8620bbf0d70baf6fd0e2e211c03a4c43c73e3fcca44879,commercial,commercial_or_insufficient_evidence
1511197830133828,a5c08934da7bd8af45232eea6064f1ec728db6efaca175c488cf2cdefd878698,commercial,commercial_or_insufficient_evidence
1512292716707345,a5c08934da7bd8af45232eea6064f1ec728db6efaca175c488cf2cdefd878698,commercial,commercial_or_insufficient_evidence
1531470048117017,191e4e82098f90d9147c23619c7c16d4f8dda5aba722d9dd79a70bce8597772f,commercial,commercial_or_insufficient_evidence
1677485416970812,3711fae17a324c0c4d5ce60334179b133d31fe95f67c522ba605f4fd3959532e,commercial,commercial_or_insufficient_evidence
1738482486791146,6bff83e6033ffaf00bbcf70d0ef8e9f26b107675bd245ae66054e4a8e5a741cb,commercial,commercial_or_insufficient_evidence
1788684985168161,ce85073545bd9bde25462d811f3c4c3849f95bc2dd3b3a63169566dd3bb9255c,commercial,commercial_or_insufficient_evidence
2098250747584672,988d238fce1a9f2968b202161021bcd921f2964460031bb770cb306a78e2961d,commercial,commercial_or_insufficient_evidence
2348942268889874,5399a5ad625bfdde9b7b5ad48804564cf463116676dd081c220d2f8b4d49fe5a,commercial,commercial_or_insufficient_evidence
2568446953527780,5a0587de13e4e34ffc8620bbf0d70baf6fd0e2e211c03a4c43c73e3fcca44879,commercial,commercial_or_insufficient_evidence
3228183970686329,191e4e82098f90d9147c23619c7c16d4f8dda5aba722d9dd79a70bce8597772f,commercial,commercial_or_insufficient_evidence
3852284195065027,191e4e82098f90d9147c23619c7c16d4f8dda5aba722d9dd79a70bce8597772f,commercial,commercial_or_insufficient_evidence
4112630558948710,191e4e82098f90d9147c23619c7c16d4f8dda5aba722d9dd79a70bce8597772f,commercial,commercial_or_insufficient_evidence
4234981163439928,5399a5ad625bfdde9b7b5ad48804564cf463116676dd081c220d2f8b4d49fe5a,commercial,commercial_or_insufficient_evidence
4396988250529873,89859ee4dfc82f5df41793ad4139498a057c0b34cdd0a971d54c27caa40af32f,commercial,commercial_or_insufficient_evidence
733956509077591,863db4d4b180ae50c01fa83787447bc68bd74384423018304fc552d07ade9e51,noncommercial,csr_charity
827077573625983,863db4d4b180ae50c01fa83787447bc68bd74384423018304fc552d07ade9e51,noncommercial,csr_charity
885038440579449,863db4d4b180ae50c01fa83787447bc68bd74384423018304fc552d07ade9e51,noncommercial,csr_charity
1495298068247462,863db4d4b180ae50c01fa83787447bc68bd74384423018304fc552d07ade9e51,noncommercial,csr_charity
1550558829462825,863db4d4b180ae50c01fa83787447bc68bd74384423018304fc552d07ade9e51,noncommercial,csr_charity
4042669565876503,863db4d4b180ae50c01fa83787447bc68bd74384423018304fc552d07ade9e51,noncommercial,csr_charity
1728465527770911,11dcbe8bd32fcd4b624ee17fa184c35ed244cc0f711fdf4c399985ea59923ab6,commercial,sustainability_brand
1818055012136424,6282a44ffb8c3107c23390407382f49d7e787356d3242f2c31f8af9d8eb76b96,commercial,sustainability_brand
642122765502427,804a5a00cd59ebbac75d1017b53a91987ecef764112693aaa5968ee3199e2ecf,commercial,sustainability_brand
675827328914540,968ece1b982aed3278674413598bfc6c3b2cd8fdb73ed980a23edefdb250294e,commercial,sustainability_brand
1924167148147394,839a0bcc07e9b027a3ed09ce4e77e7fdbc5d61f1f16b303d8156ef6c714604d0,commercial,sustainability_brand
864110125941588,eacd721900397a8c7f0f74170141a685c2245ba9674392d2e15e4c565b57f5f7,commercial,sustainability_brand
610846618690611,804a5a00cd59ebbac75d1017b53a91987ecef764112693aaa5968ee3199e2ecf,commercial,sustainability_brand
805790322209458,6282a44ffb8c3107c23390407382f49d7e787356d3242f2c31f8af9d8eb76b96,commercial,sustainability_brand
1132358172446304,968ece1b982aed3278674413598bfc6c3b2cd8fdb73ed980a23edefdb250294e,commercial,sustainability_brand
1597833574902043,839a0bcc07e9b027a3ed09ce4e77e7fdbc5d61f1f16b303d8156ef6c714604d0,commercial,sustainability_brand
2234706773694424,eacd721900397a8c7f0f74170141a685c2245ba9674392d2e15e4c565b57f5f7,commercial,sustainability_brand
664866483090901,11dcbe8bd32fcd4b624ee17fa184c35ed244cc0f711fdf4c399985ea59923ab6,commercial,sustainability_brand
1897723647810109,f3159cba10f847f3f37c6bc7df7985b92bb63f751757cd3386dcaebf8a8ac4b0,noncommercial,csr_charity
791478790271001,f3159cba10f847f3f37c6bc7df7985b92bb63f751757cd3386dcaebf8a8ac4b0,noncommercial,csr_charity
772579448882784,60aa77e3ff3cf24619968187c3d3e6f662a3c7a1e80e99619fd0027bba9ae94c,commercial,commercial_or_insufficient_evidence
1554541048850002,60aa77e3ff3cf24619968187c3d3e6f662a3c7a1e80e99619fd0027bba9ae94c,commercial,commercial_or_insufficient_evidence
783010607843936,60aa77e3ff3cf24619968187c3d3e6f662a3c7a1e80e99619fd0027bba9ae94c,commercial,commercial_or_insufficient_evidence
639110839250478,60aa77e3ff3cf24619968187c3d3e6f662a3c7a1e80e99619fd0027bba9ae94c,commercial,commercial_or_insufficient_evidence
1584125625897123,60aa77e3ff3cf24619968187c3d3e6f662a3c7a1e80e99619fd0027bba9ae94c,commercial,commercial_or_insufficient_evidence
1422600095622871,9e0e272b4d8891bd34ddccdc359b05cc11cf58631fc12f6fe379cc155351be94,commercial,sponsorship_brand
2247763709097794,5b83c30f9b885453ed5f58ae6f0a71795f529d3779ec92361dd3c53c4b0c347e,commercial,commercial_or_insufficient_evidence
911768697875306,5b83c30f9b885453ed5f58ae6f0a71795f529d3779ec92361dd3c53c4b0c347e,commercial,commercial_or_insufficient_evidence
3441717382644029,55364592ad0dc4422572161e85310fe2f28395091ba3c2207dbbe76515c2f623,commercial,commercial_or_insufficient_evidence
1475658807688326,32d4b798c9b8e0d1f7ea2ce25d8058f332c8cdc330d6be8a35b8f4263aaee1e1,commercial,commercial_or_insufficient_evidence
26555105184146179,246b1fe182ab262d0a8acf7018e8c603b4b0ff8b28da72fe88d626759671de49,commercial,commercial_or_insufficient_evidence
803307928944355,2166bda047bc7b3af559fc0051ec91ab3c0f0446ed6c2eca1c094b9e5523f794,commercial,sustainability_brand
3562579660560853,3bb1c0cfb60c603568ed50a36593653dd138dc522d534861ff6e0a522111c58b,commercial,commercial_or_insufficient_evidence
4125044251078236,cb152f25e494616dfe2482818b817255e6772f4379e9af2dae9338a9a607df45,commercial,commercial_or_insufficient_evidence
1062588453598556,d7904de9885c2ac97d723cb476fbcdb5d1dfef7b278c6d813283afff9b9effe7,commercial,commercial_or_insufficient_evidence
1550786742649784,ddfc8b1759dc9b62b61dfd37edf0b333a2615f662bed34f7525a4c6a3b19e3ef,commercial,commercial_or_insufficient_evidence
1661040074951478,77a57cd3e88b60eb46fd4a833be5702443f2c5b6884d5295a61d951b659dbcea,commercial,commercial_or_insufficient_evidence
2227915164404227,246b1fe182ab262d0a8acf7018e8c603b4b0ff8b28da72fe88d626759671de49,commercial,commercial_or_insufficient_evidence
1447813416299159,8f709c693727aaf5fcde7f56b77a90142131d0d64010a0a856151085af0e9ca9,commercial,commercial_or_insufficient_evidence
2130899537839872,2ee17b3f73b085b38214534194c5c7b86bdc7aff24928187d9d10be1e4cee8e7,commercial,insufficient_text
1765491578144629,dc259eb3a8901fded32527e7562e19233bb451dee7a25fd126116dd7f2b06672,commercial,commercial_or_insufficient_evidence
2241393883357001,450548f5e2af420ea119bc3e040566e2ef3271a0c69f9e96fc45ccbb992f67df,commercial,sustainability_brand
26640417065618223,62717ca470af30818c2e58d6532e0ae06c27cc1a75085c8f2a3e1b10fa72298d,commercial,sustainability_brand
1595379361763863,3f7bb183762250d07830bcd80cf72102b66a71704ac71863304131d0b0bcc2f5,commercial,sustainability_brand
1334012318633546,23ff063151695ed0c92d222c86323ede76b5b35e83f6257b55b0dc9f139ae606,commercial,sustainability_brand
3181862685318971,23ff063151695ed0c92d222c86323ede76b5b35e83f6257b55b0dc9f139ae606,commercial,sustainability_brand
2072001070252602,641c29fc1ed65a5235ff257b8b26aff5fbece60ffcbd27c93df2e785a928dda7,commercial,sustainability_brand
847323268176343,641c29fc1ed65a5235ff257b8b26aff5fbece60ffcbd27c93df2e785a928dda7,commercial,sustainability_brand
878749464503262,6b4fbe19470ebb785ef19ed4200eeb239ec2b0af7e1ce96e288d1399c1d7e141,commercial,commercial_or_insufficient_evidence
1354273745867595,6b4fbe19470ebb785ef19ed4200eeb239ec2b0af7e1ce96e288d1399c1d7e141,commercial,commercial_or_insufficient_evidence
1199374388769754,6415dbee058a29bb0adabbb0e18eb3b5f3c46805b25b1058bdf44ee628d747a0,commercial,commercial_or_insufficient_evidence
1159019719012957,641c29fc1ed65a5235ff257b8b26aff5fbece60ffcbd27c93df2e785a928dda7,commercial,sustainability_brand
2098665030874196,33fe82e5d8184b0516c5c9dfbc0b2a97b13a5ae1a8aaa07e3f6e51bc14ae7b90,commercial,sustainability_brand
3723857801241490,c675d1ec45ec307e3f2970d1fa8d130087c2700c9cc656d5817a950c0f85fea7,commercial,commercial_or_insufficient_evidence
1605671070842447,5aa51d8e34b122ce59c75b66a77c5553d6d776d0a86cdf952925e48b8c4553e9,commercial,commercial_or_insufficient_evidence
1324110619250967,c675d1ec45ec307e3f2970d1fa8d130087c2700c9cc656d5817a950c0f85fea7,commercial,commercial_or_insufficient_evidence
1346532933858802,e44795567f88144484f76c669a704f8f5dc697a42ee1fc500ab14a3d54b7c07e,commercial,commercial_or_insufficient_evidence
702900436157531,c675d1ec45ec307e3f2970d1fa8d130087c2700c9cc656d5817a950c0f85fea7,commercial,commercial_or_insufficient_evidence
1480388453239317,5aa51d8e34b122ce59c75b66a77c5553d6d776d0a86cdf952925e48b8c4553e9,commercial,commercial_or_insufficient_evidence
1712313192801479,e44795567f88144484f76c669a704f8f5dc697a42ee1fc500ab14a3d54b7c07e,commercial,commercial_or_insufficient_evidence
1735704304133795,d49a69ed91757c3c75123cd9c09ea26a2c8903f058acb7991af7a295465ed089,commercial,sustainability_brand
1758035342211493,cc4f0367d02928acec2745ef784588e1a0a6723d19ebac514169de6bedd0f084,commercial,commercial_or_insufficient_evidence
1486206592914150,59348ca0a0beab0bbc2b741d7d5608b654095eb717976fc912fd8dba92ae0451,commercial,commercial_or_insufficient_evidence
835580802923139,b31e7b44b8aa2158db3bbeadcdccb5b5a36c19af059b6e709f479c57ecd9996f,commercial,sustainability_brand
2030411271228792,9650580bf5cf867a83516f5d00821edd20cf6dc914bf600b4bb6d956557b0c3f,commercial,commercial_or_insufficient_evidence
1336409211656593,eb0fece7b86b184471438473a29f7192556dafd5c070a8237f5055ccb0e2e59b,commercial,sustainability_brand
822772403865455,8c5c734723746c91ad80bb614146b4db01a4cd75c86c395052ce026d8a5cd3db,commercial,sustainability_brand
1385453923144253,d91b9b2ae87f4ba1f9c4e53ea5e9877fb56e93cded3da6ef1a2f1f8ce6d0d524,commercial,sustainability_brand
1719886811988883,e866cb88a2ce94b024dcacb4e059adce8dabbd85335c7d6fb760d8fcdcbb4771,commercial,sustainability_brand
733008789779193,4d3148814547fb57584c94f60423bcada42cf9301bc6a5f3348062d57a1621da,commercial,sustainability_brand
827744126454094,89ba2b1fa2fc92853337de8ce46b922fe052c5fc24bab6707df44dc77bc59e6a,commercial,sustainability_brand
1573014347409569,d4551db3f3a0777ecab15431acc92d1f1f60e32b0e8f261da46c2044e0c9b802,commercial,sustainability_brand
2242753626577444,1fc34b1660225cd8030209ec37aacc04f1d49a48f3ebf029da6f8db8affa0063,commercial,insufficient_text
1243890834221661,b9ad916501f10bad854fbb33e56d6ea63ffa420f8dc0c1aab282597d77f67407,commercial,sustainability_brand
822266400405475,b9ad916501f10bad854fbb33e56d6ea63ffa420f8dc0c1aab282597d77f67407,commercial,sustainability_brand
1763373977623165,b9ad916501f10bad854fbb33e56d6ea63ffa420f8dc0c1aab282597d77f67407,commercial,sustainability_brand
1301194201798195,b9ad916501f10bad854fbb33e56d6ea63ffa420f8dc0c1aab282597d77f67407,commercial,sustainability_brand
2072035890028987,89e02c2e3559a2364489192fa29bf33389803e61a1256dff3972bd8c5d70a158,commercial,sustainability_brand
2409857082821722,243d86ba4ddea460f38d408bcdab17110241db080f6c294c558b8449faa479c8,commercial,sustainability_brand
925131356899515,bcd2cc961efc30849cd7b3156175e73ff2530a6d9be885163d4fabef2c068b01,commercial,commercial_or_insufficient_evidence
1435073937836092,bcd2cc961efc30849cd7b3156175e73ff2530a6d9be885163d4fabef2c068b01,commercial,commercial_or_insufficient_evidence
1211524170461005,3c2d278fab61b6110ca3a8a9d4db7ec07a387ddf1baed76b7c794f56521be9d4,commercial,sustainability_brand
1085403887044634,348d0344db06544b227e88c53d5df0b38736c3949a1087961c01ba0f713ce0ca,commercial,sustainability_brand
1202709224714258,348d0344db06544b227e88c53d5df0b38736c3949a1087961c01ba0f713ce0ca,commercial,sustainability_brand
3005555172964732,3c2d278fab61b6110ca3a8a9d4db7ec07a387ddf1baed76b7c794f56521be9d4,commercial,sustainability_brand
2258869191264629,4610a51837d9cc60e6e7e3da8cd48a8b0c6716046bb708e1dd199b3bad26e216,commercial,sustainability_brand
844871281772252,a14a442ca1964434ef4ab5229c82d3727ff1cc8f31028659c977136dd8521efa,commercial,sustainability_brand
2237724353416391,348d0344db06544b227e88c53d5df0b38736c3949a1087961c01ba0f713ce0ca,commercial,sustainability_brand
1549329906382073,16220345bf5f668eca0402e8208348f9cd4180d8c57de121187ca3dd30795bb8,commercial,commercial_or_insufficient_evidence
1240005484607357,16220345bf5f668eca0402e8208348f9cd4180d8c57de121187ca3dd30795bb8,commercial,commercial_or_insufficient_evidence
2207304706698116,ca68ccb6a66815e1d3639c04e6b2522bca82bd4bd11b19ee11e414e86fc8c925,commercial,commercial_or_insufficient_evidence
826923020190333,b39c4789843c026535a5606f2e441ec15194dba66df0ca7dd055d56de5462108,commercial,commercial_or_insufficient_evidence
1172562311685723,b39c4789843c026535a5606f2e441ec15194dba66df0ca7dd055d56de5462108,commercial,commercial_or_insufficient_evidence
1562818431731265,b39c4789843c026535a5606f2e441ec15194dba66df0ca7dd055d56de5462108,commercial,commercial_or_insufficient_evidence
2075684196583201,ca68ccb6a66815e1d3639c04e6b2522bca82bd4bd11b19ee11e414e86fc8c925,commercial,commercial_or_insufficient_evidence
735349156242267,ca68ccb6a66815e1d3639c04e6b2522bca82bd4bd11b19ee11e414e86fc8c925,commercial,commercial_or_insufficient_evidence
2946894318854815,ca68ccb6a66815e1d3639c04e6b2522bca82bd4bd11b19ee11e414e86fc8c925,commercial,commercial_or_insufficient_evidence
2650086972010605,16220345bf5f668eca0402e8208348f9cd4180d8c57de121187ca3dd30795bb8,commercial,commercial_or_insufficient_evidence
1566575214347262,16220345bf5f668eca0402e8208348f9cd4180d8c57de121187ca3dd30795bb8,commercial,commercial_or_insufficient_evidence
3736071693369214,c4f9004c579b17d321946f7ff816d2f757d64890e93224ae1c0a5b294d9268e0,commercial,commercial_or_insufficient_evidence
1190917002958968,c4f9004c579b17d321946f7ff816d2f757d64890e93224ae1c0a5b294d9268e0,commercial,commercial_or_insufficient_evidence
909343314860116,71a562022ef0a9157febf9ac5370e67f5afbce1de674d7b9a7311e4e0a9f972b,commercial,commercial_or_insufficient_evidence
25067986512895292,c4f9004c579b17d321946f7ff816d2f757d64890e93224ae1c0a5b294d9268e0,commercial,commercial_or_insufficient_evidence
1407711617588074,6a898f2501afe44d9c503b1652dc05f52dcf26a273415f6723bac75e5761283f,commercial,commercial_or_insufficient_evidence
811492131654903,b401c39349de1698183edfb15f71cda469c5fadd65c35410182b1f43886db1be,commercial,commercial_or_insufficient_evidence
1185960013390334,6a898f2501afe44d9c503b1652dc05f52dcf26a273415f6723bac75e5761283f,commercial,commercial_or_insufficient_evidence
1844755239764448,1a3070e8249ed5ab03638482149037a4063b8ebf2305e835e001737a50fc7aa9,commercial,insufficient_text
998031395840184,1a3070e8249ed5ab03638482149037a4063b8ebf2305e835e001737a50fc7aa9,commercial,insufficient_text
4343296529237068,ef9711fb19db9ba5612ef35d7f93216f552492ec0eeac814258c542adb9ab7f4,commercial,commercial_or_insufficient_evidence
1332027331923400,e4b0cbd815feb7529a52e8d255f7630076f6d5224b80a5b72747b0a78453d09a,commercial,commercial_or_insufficient_evidence
2270849216719412,78d7f58ba2c71da7849380c516aac2aaf8c750dde741a9c22c0612c0ef4864f1,commercial,commercial_or_insufficient_evidence
4270283473296801,f1973a88bb160dd2d739370c2a2957ba21c5c5413dfd8a1efa9a160881179cfc,commercial,commercial_or_insufficient_evidence
1415527053344592,0dd49bb8385f65f1bfcf383614dc8be0571be956a077e0b40b32fd0b22a57e1f,commercial,commercial_or_insufficient_evidence
